SampledDate,% Volatile Suspended Solids,Ammonia as N,Analysis Date/Time,Arsenic,Biochemical Oxygen Demand,Cadmium,Calcium,Chemical Oxygen Demand,Chromium,Cobalt,Copper,Dissolved Oxygen,Hardness,LC50 Static 48Hr Acute Ceriodaphnia,LC50 Static 48Hr Acute Pimephales,Lead,Magnesium,Mercury,Method Reference,Molybdenum,Nickel,Oil and Grease (HEM),Organic Nitrogen,Phosphorus-total,Sample Amount,Selenium,Settleable Solids,Soluble BOD,Subcontract Lab ID,Sulfur,TSS - Change in Wt,Total Alkalinity (as CaCO3),Total Nitrogen,Total Suspended Solids,Volatile Suspended Solids,Zinc,pH
2024-06-01,93,55.9,,,146,,,438,,,,5.09,,,,,,,,,,,,,1000,,<0.5,46,,25.9,4.97,,,155,144,,7.80
2024-06-02,88,32.1,,,105,,,363,,,,1.03,,,,,,,,,,,7.1,8.2,1000,,<0.5,53,,25.9,0.91,,39.2,132,117,,7.38
2024-06-03,93,22.8,,,105,,,320,,,,6.53,,,,,,,,,,,,,1000,,<0.5,44,,29.4,1.45,,,115,107,,7.42
2024-06-04,93,16.3,,,86,,,308,,,,4.94,,,,,,,,,,,,,1000,,<0.5,39,,35.9,1.87,,,107,100,,7.37
2024-06-05,95,10.3,,,53,,,223,,,,6.84,,,,,,,,,,,,,1000,,<0.5,22,,39.8,0.56,,,70,66,,7.46
2024-06-06,97,19,,,63,,,259,,,,7.62,,,,,,,,,,,,,1000,,<0.5,23,,39.8,0.20,,,84,82,,7.57
2024-06-07,93,21.1,,,63,,,245,,,,7.60,,,,,,,,,,,,,1000,,<0.5,23,,33,0.59,,,85,79,,7.63
2024-06-08,96,20.4,,,69,,,249,,,,7.64,,,,,,,,,,,,,1000,,<0.50,24,,34.6,0.18,,,91,88,,7.63
2024-06-09,93,27.5,,,81,,,285,,,,7.24,,,,,,,,,,,,,1000,,<0.5,59,,34.1,3.66,,,90,84,,7.61
2024-06-10,92,31.8,,,53,,,370,,,,8.08,,,,,,,,,,,,,1000,,<0.5,32,,28.8,1.19,,,134,123,,7.56
2024-06-11,92,31.6,,,105,,,358,,,,6.75,,,,,,,,,,,,,1000,,<0.5,43,,35.9,2.09,,,115,106,,7.51
2024-06-12,95,24.2,,,109,,,398,,,,7.42,,,,,,,,,,,,,1000,,<0.5,46,,36,1.52,,,131,125,,7.43
2024-06-13,96,17.8,,,81,,,353,,,,8.75,,,,,,,,,,,,,1000,,<0.5,36,,42.8,2.26,,,89,85,,7.35
2024-06-14,92,5.65,,,34,,,188,,,,6.89,,,,,,,,,,,,,1000,,<0.5,20,,40.9,0.78,,,51,47,,7.54
2024-06-15,95,9.7,,,36,,,193,,,,5.82,,,,,,,,,,,,,1000,,<0.5,15,,34.9,1.87,,,53,50,,7.42
2024-06-16,92,16.2,,,44,,,228,,,,7.51,,,,,,,,,,,,,1000,,<0.5,18,,33.3,0.45,,,67,61,,7.51
2024-06-17,93,20,,,49,,,226,,,,6.62,,,,,,,,,,,,,1000,,0.5,13,,32.8,1.01,,,77,72,,7.48
2024-06-18,88,19.5,,,344,,,650,,,,0.74,,,,,,,,,,,,,1000,,5,24,,38,1.80,,,387,340,,7.28
2024-06-19,96,10.5,,,49,,,221,,,,6.34,,,,,,,,,,,,,1000,,<0.5,24,,40.5,0.36,,,70,67,,6.41
2024-06-20,89,16.3,,,64,,,308,,,,6.70,,,,,,,,,,,,,1000,,<0.5,68,,42.5,1.03,,,107,96,,7.28
2024-06-21,92,20.6,,,54,,,249,,,,5.39,,,,,,,,,,,,,1000,,<0.5,19,,38.2,0.36,,,83,76,,7.43
2024-06-22,92,23.4,,,55,,,249,,,,5.67,,,,,,,,,,,,,1000,,<0.5,23,,38.4,0.49,,,82,76,,7.27
2024-06-23,90,28.8,,,54,,,254,,,,6.45,,,,,,,,,,,,,1000,,<0.5,40,,34.5,0.28,,,71,64,,7.47
2024-06-24,95,30,,,84,,,275,,,,6.42,,,,,,,,,,,,,1000,,<0.5,38,,30.7,0.67,,,75,71,,7.53
2024-06-25,90,23.6,,,66,,27.5,332,,,,4.23,110,62.98,70.47,,10.1,,,,,,,,1000,,<0.5,42,,31,0.19,302,,103,93,,7.38
2024-06-26,93,29.4,,,123,,,462,,,,0.64,,,,,,,,,,,,,1000,,<0.5,<30,,27,1.30,,,107,100,,7.30
2024-06-27,96,27.2,,,104,,,537,,,,5.03,,,,,,,,,,,,,1000,,<0.5,70,,27.6,0.79,,,113,108,,7.47
2024-06-28,96,19.1,,,136,,,396,,,,6.24,,,,,,,,,,,,,1000,,<0.5,117,,25.8,0.48,,,84,80,,6.30
2024-06-29,96,21.1,,,129,,,365,,,,2.03,,,,,,,,,,,,,1000,,<0.5,81,,28.9,0.52,,,97,93,,7.49
2024-06-30,94,20.8,,,133,,,391,,,,1.35,,,,,,,,,,,,,1000,,<0.5,51,,32.2,1.42,,,106,100,,7.53
2024-07-01,95,37,,,120,,,398,,,,8.90,,,,,,,,,,,20.4,8.1,1000,,<0.5,52,,36.1,1.17,,57.6,102,97,,7.36
2024-07-02,99,36.6,,,114,,,386,,,,6.08,,,,,,,,,,,,,1000,,<0.5,40,,42.8,2.08,,,107,106,,7.23
2024-07-03,93,24.2,,,114,,,372,,,,5.32,,,,,,,,,,,,,1000,,<0.5,59,,33.1,3.45,,,103,96,,7.32
2024-07-04,94,24.6,,,150,,,450,,,,3.21,,,,,,,,,,,,,1000,,<0.5,73,,25.8,0.91,,,110,104,,7.41
2024-07-05,94,29.4,,,132,,,396,,,,5.99,,,,,,,,,,,,,1000,,<0.5,59,,26.5,0.37,,,109,103,,7.33
2024-07-06,98,30,,,144,,,113,,,,7.89,,,,,,,,,,,,,1000,,<0.5,93,,27.7,0.82,,,102,100,,7.54
2024-07-07,95,34.6,,,115,,,393,,,,3.79,,,,,,,,,,,,,1000,,<0.5,60,,32.6,1.45,,,104,99,,7.52
2024-07-08,98.1981982,33.2,,,137,,,414,,,,0.99,,,,,,,,,,,,,1000,,<0.5,106,,29.2,0.68,,,111,109,,7.44
2024-07-09,95,35.6,,,273,,,589,,,,7.60,,,,,,,,,,,,,1000,,<0.5,222,,22.8,3.80,,,119,113,,7.47
2024-07-10,93.69369369,27.4,,,189,,,483,,,,6.48,,,,,,,,,,,,,1000,,<0.5,127,,28.4,2.93,,,111,104,,7.45
2024-07-11,96,31,,,186,,,464,,,,6.94,,,,,,,,,,,,,1000,,<0.5,98,,29.2,2.09,,,108,104,,7.46
2024-07-12,95,33.2,,,238,,,542,,,,3.55,,,,,,,,,,,,,1000,,<0.5,169,,21.4,0.18,,,111,106,,6.26
2024-07-13,94,33.8,,,123,,,568,,,,4.21,,,,,,,,,,,,,1000,,<0.5,149,,23.6,0.93,,,143,134,,7.47
2024-07-14,95,31.2,,,155,,,480,,,,6.55,,,,,,,,,,,,,1000,,<0.5,87,,28,2.57,,,101,96,,7.48
2024-07-15,93,36.4,,,153,,,476,,,,7.86,,,,,,,,,,,,,1000,,<0.5,97,,37.7,0.53,,,133,124,,7.44
2024-07-16,93,42.2,,,146,,,638,,,,7.58,,,,,,,,,,,,,1000,,<0.5,168,,20.3,2.70,,,140,130,,7.32
2024-07-17,95,35.4,,,231,,,556,,,,8.76,,,,,,,,,,,,,1000,,<0.5,121,,33.1,1.78,,,124,118,,7.45
2024-07-18,92,34.4,,,246,,,579,,,,1.02,,,,,,,,,,,,,1000,,<0.5,124,,24.6,0.89,,,193,177,,7.38
2024-07-19,93,26.2,,,202,,,372,,,,7.89,,,,,,,,,,,,,1000,,<0.5,70,,33.3,0.61,,,109,101,,7.28
2024-07-20,95,29.4,,,158,,,403,,,,7.84,,,,,,,,,,,,,1000,,<0.5,99,,28.9,0.15,,,99,94,,6.47
2024-07-21,95,28.4,,,132,,,431,,,,0.78,,,,,,,,,,,,,1000,,<0.5,99,,22.3,0.39,,,103,98,,7.56
2024-07-22,94,32.2,,,156,,,466,,,,7.63,,,,,,,,,,,,,1000,,<0.5,69,,30.5,0.39,,,129,121,,7.45
2024-07-23,93,27.8,,,173,,,464,,,,5.41,,,,,,,,,,,,,1000,,<0.5,117,,38.2,0.23,,,133,124,,7.33
2024-07-24,91,21.4,,,140,,,405,,,,2.12,,,,,,,,,,,,,1000,,<0.5,56,,38.1,0.32,,,123,112,,7.32
2024-07-25,92,33.8,,,148,,,2180,,,,6.30,,,,,,,,,,,,,1000,,<0.5,65,,42.8,0.82,,,98,89,,7.26
2024-07-26,84,22.2,,,170,,,657,,,,1.85,,,,,,,,,,,,,1000,,5,51,,31,0.95,,,211,177,,7.30
2024-07-27,93,17.9,,,114,,,334,,,,5.29,,,,,,,,,,,,,1000,,<0.5,70,,33.6,2.84,,,77,72,,7.30
2024-07-28,79,21.2,,,82,,,301,,,,7.16,,,,,,,,,,,,,1000,,<0.5,46,,34.5,0.66,,,76,60,,7.40
2024-07-29,72,24,,,125,,,372,,,,5.98,,,,,,,,,,,,,1000,,<0.5,54,,35.2,0.52,,,57,41,,7.43
2024-07-30,93,21.8,,,116,,,396,,,,4.85,,,,,,,,,,,,,1000,,<0.5,54,,42.9,3.54,,,107,100,,7.32
2024-07-31,97,23.6,,,101,,,339,,,,6.38,,,,,,,,,,,,,1000,,<0.5,44,,42.7,1.44,,,49,47,,7.43
2024-08-01,91,30.2,,,67,,,268,,,,5.61,,,,,,,,,,,4.4,2.94,1000,,<0.5,28,,39.8,2.26,,34.6,53,49,,7.49
2024-08-02,91,31.8,,,32,,,178,,,,8.41,,,,,,,,,,,,,1000,,<0.5,23,,38.8,1.15,,,43,40,,7.63
2024-08-03,87,25.2,,,48,,,192,,,,7.19,,,,,,,,,,,,,1000,,<0.5,29,,36.1,1.90,,,48,41,,7.61
2024-08-04,94,19.8,,,37,,,185,,,,6.73,,,,,,,,,,,,,1000,,<0.5,25,,36.2,1.23,,,33,31,,7.53
2024-08-05,96,18.6,,,62,,,220,,,,6.08,,,,,,,,,,,,,1000,,<0.5,32,,27.8,0.97,,,51,49,,7.45
2024-08-06,98,18.5,,,97,,,292,,,,8.36,,,,,,,,,,,,,1000,,<0.5,63,,30,0.63,,,47,47,,7.52
2024-08-07,93,25.8,,,246,,,540,,,,6.76,,,,,,,,,,,,,1000,,<0.5,247,,26.8,4.74,,,82,77,,7.31
2024-08-08,99,31.3,,,342,,,629,,,,7.78,,,,,,,,,,,,,1000,,<0.5,284,,15.1,1.35,,,59,59,,7.37
2024-08-09,92,39.2,,,175,,,414,,,,5.68,,,,,,,,,,,,,1000,,<0.5,109,,34.6,2.31,,,69,64,,7.48
2024-08-10,92,29,,,114,,,362,,,,5.72,,,,,,,,,,,,,1000,,<0.5,91,,35.7,2.96,,,86,80,,7.48
2024-08-11,100,28.2,,,117,,,346,,,,2.56,,,,,,,,,,,,,1000,,<0.5,84,,36,2.57,,,74,74,,7.47
2024-08-12,96,27.8,,,89,,,364,,,,7.67,,,,,,,,,,,,,1000,,<0.5,51,,32.1,0.40,,,83,80,,7.51
2024-08-13,98,28.2,,,137,,,371,,,,8.20,,,,,,,,,,,,,1000,,<0.5,73,,31,3.00,,,77,76,,7.44
2024-08-14,99,32.7,,,168,,,465,,,,8.00,,,,,,,,,,,,,1000,,<0.5,101,,23.4,0.58,,,114,113,,7.45
2024-08-15,93,25.3,,,162,,,395,,,,5.45,,,,,,,,,,,,,1000,,<0.5,85,,26.9,0.88,,,102,95,,7.31
2024-08-16,97,27.3,,,147,,,432,,,,2.82,,,,,,,,,,,,,1000,,<0.5,83,,30,0.09,,,112,109,,7.43
2024-08-17,98,32.5,,,211,,,528,,,,0.51,,,,,,,,,,,,,1000,,<0.5,148,,20.6,0.74,,,135,132,,7.45
2024-08-18,95,35.1,,,106,,,514,,,,7.44,,,,,,,,,,,,,1000,,<0.5,130,,24,0.59,,,119,113,,7.04
2024-08-19,98,26.7,,,102,,,336,,,,4.31,,,,,,,,,,,,,1000,,<0.5,49,,36.3,0.22,,,91,89,,7.44
2024-08-20,91,26.5,,,107,,,332,,,,6.76,,,,,,,,,,,,,1000,,<0.5,64,,40.9,1.80,,,67,61,,7.37
2024-08-21,89,26.7,,,79,,,306,,,,8.24,,,,,,,,,,,,,1000,,<0.5,52,,28.7,1.41,,,57,50,,7.43
2024-08-22,95,26.6,,,93,,,313,,,,8.04,,,,,,,,,,,,,1000,,<0.5,42,,34.6,0.55,,,54,51,,7.58
2024-08-23,88,21.4,,,97,,,329,,,,3.62,,,,,,,,,,,,,1000,,<0.5,54,,29.2,1.11,,,63,56,,7.36
2024-08-24,93,25.8,,,105,,,341,,,,8.10,,,,,,,,,,,,,1000,,<0.5,58,,23.5,0.47,,,64,60,,7.39
2024-08-25,91,36.8,,,153,,,442,,,,7.31,,,,,,,,,,,,,1000,,<0.5,81,,18.2,0.20,,,98,90,,7.51
2024-08-26,92,29.2,,,124,,,395,,,,0.95,,,,,,,,,,,,,1000,,<0.5,76,,22.5,0.24,,,85,78,,7.45
2024-08-27,97,23.9,,,91,,,313,,,,4.43,,,,,,,,,,,,,1000,,<0.5,58,,29.5,0.52,,,76,74,,7.45
2024-08-28,95,39.4,,,104,,,334,,,,8.45,,,,,,,,,,,,,1000,,<0.5,65,,25.6,0.16,,,64,61,,7.53
2024-08-29,97.14285714,33,,,105,,,357,,,,8.28,,,,,,,,,,,,,1000,,<0.5,56,,27.4,4.96,,,35,34,,7.51
2024-08-30,97,34.2,,,94,,,381,,,,5.68,,,,,,,,,,,,,1000,,<0.5,40,,46.1,0.33,,,92,90,,7.43
2024-08-31,92,29.7,,,82,,,455,,,,5.98,,,,,,,,,,,,,1000,,<0.5,35,,45.3,2.75,,,80,74,,7.47
2024-09-01,100,27.6,,,66,,,381,,,,5.95,,,,,,,,,,,,,1000,,<0.5,26,,34.3,3.92,,,64,64,,7.49
2024-09-02,97,36,,,58,,,325,,,,5.84,,,,,,,,,,,,,1000,,<0.5,27,,34.6,0.96,,,63,61,,7.58
2024-09-03,96,35.1,,,68,,,367,,,,8.83,,,,,,,,,,,,,1000,,<0.5,40,,31.5,2.68,,,40,39,,7.53
2024-09-04,97,32.6,,,77,,,,,,,8.30,,,,,,,,,,,11.2,6.66,1000,,<0.5,35,,38.3,2.69,,43.8,56,54,,7.55
2024-09-05,91,30.1,,,85,,,362,,,,6.77,,,,,,,,,,,,,1000,,<0.5,43,,30.2,1.82,,,60,55,,7.49
2024-09-06,96,32.5,,,118,,,422,,,,7.94,,,,,,,,,,,,,1000,,<0.5,53,,24.2,0.36,,,83,80,,7.46
2024-09-07,92,28.7,,,104,,,409,,,,1.98,,,,,,,,,,,,,1000,,<0.5,50,,22,0.28,,,72,67,,7.45
2024-09-08,99,29.1,,,102,,,405,,,,8.18,,,,,,,,,,,,,1000,,<0.5,42,,26.5,1.02,,,59,58,,7.44
2024-09-09,97,,,,134,,,435,,,,5.37,,,,,,,,,,,,,1000,,<0.5,62,,19.2,0.32,,,63,62,,7.44
2024-09-10,98,28.8,,,142,,,546,,,,6.70,,,,,,,,,,,,,1000,,<0.5,83,,18.3,0.09,,,110,107,,7.50
2024-09-11,99,24.7,,,110,,,428,,,,6.10,,,,,,,,,,,,,1000,,<0.5,67,,18.9,0.96,,,52,52,,7.36
2024-09-12,95,18.9,,,156,,,513,,,,6.31,,,,,,,,,,,,,1000,,<0.5,53,,33.9,3.18,,,126,119,,7.51
2024-09-13,92,8.2,,,93,,,300,,,,4.75,,,,,,,,,,,,,1000,,<0.5,35,,26.4,3.92,,,84,78,,7.07
2024-09-14,91,9.8,,,36,,,161,,,,8.99,,,,,,,,,,,,,1000,,<0.5,18,,26.5,4.25,,,35,32,,7.40
2024-09-15,96,25,,,64,,,261,,,,6.04,,,,,,,,,,,,,1000,,<0.5,31,,24.7,1.16,,,52,50,,7.57
2024-09-16,93,24.6,,,125,,,296,,,,0.75,,,,,,,,,,,,,1000,,<0.5,69,,23.1,2.33,,,100,93,,7.35
2024-09-17,97,24.5,,,55,,,227,,,,5.96,,,,,,,,,,,,,1000,,<0.5,23,,36.6,0.54,,,56,54,,7.26
2024-09-18,87,40.5,,,51,,,294,,,,5.40,,,,,,,,,,,,,1000,,<0.5,25,,38.2,0.62,,,33,28,,7.50
2024-09-19,98,32.2,,,21,,,291,,,,7.17,,,,,,,,,,,,,1000,,<0.5,28,,38.1,2.49,,,36,36,,7.56
2024-09-20,91,29.2,,,49,,,271,,,,6.31,,,,,,,,,,,,,1000,,<0.5,30,,24.3,2.56,,,47,43,,7.49
2024-09-21,91,24.8,,,59,,,254,,,,4.60,,,,,,,,,,,,,1000,,<0.5,28,,25.5,0.44,,,69,62,,7.61
2024-09-22,93,38.1,,,95,,,457,,,,1.50,,,,,,,,,,,,,1000,,<0.5,39,,22.3,0.94,,,85,79,,7.50
2024-09-23,88,38.6,,,123,,,507,,,,0.62,,,,,,,,,,,,,1000,,<0.5,85,,25.6,0.80,,,126,110,,7.51
2024-09-24,90,35,,,131,,,532,,,,3.20,,,,,,,,,,,,,1000,,<0.5,66,,31.6,0.76,,,118,107,,7.59
2024-09-25,93,33.3,,,117,,,414,,,,3.08,,,,,,,,,,,,,1000,,<0.5,62,,30.3,3.60,,,83,77,,7.44
2024-09-26,90,29.3,,,109,,,418,,,,3.92,,,,,,,,,,,,,1000,,<0.5,55,,35.8,1.29,,,109,98,,7.71
2024-09-27,90,32.2,,,171,,,1424,,,,1.01,,,,,,,,,,,,,1000,,<0.5,102,,24.2,0.16,,,188,170,,7.41
2024-09-28,91,16,,,139,,,451,,,,1.46,,,,,,,,,,,,,1000,,<0.5,48,,29.8,0.95,,,190,174,,7.08
2024-09-29,92,16.3,,,57,,,243,,,,5.69,,,,,,,,,,,,,1000,,<0.5,26,,37.7,0.15,,,68,63,,7.32
2024-09-30,92,29,,,71,,,307,,,,7.89,,,,,,,,,,,,,1000,,<0.5,28,,35.8,2.07,,,58,53,,7.37
2024-10-01,93,26,,,55,,,562,,,,6.60,,,,,,,,,,,,,1000,,<0.5,28,,36,3.04,,,59,55,,7.62
2024-10-02,93,14.3,10/4/2024 13:27,<0.0100,40,<0.0020,,238,<0.0050,<0.0100,0.0189,7.28,,,,<0.0060,,<0.00020,EPA-245.1,0.0144,0.0166,,,,1000,<0.0100,<0.5,18,Waypoint Analytical LLC.,32.2,4.49,,,53,50,0.067,7.51
2024-10-03,92,18.8,,,75,,,311,,,,3.22,,,,,,,,,,,,,1000,,<0.5,38,,35.9,0.64,,,47,43,,7.42
2024-10-04,92,18.8,,,81,,,286,,,,3.11,,,,,,,,,,,,,1000,,<0.5,47,,27.6,0.18,,,56,52,,7.36
2024-10-05,93,16.7,,,82,,,309,,,,1.34,,,,,,,,,,,,,1000,,<0.5,50,,24,0.94,,,64,60,,7.26
2024-10-06,96,18.6,,,55,,,249,,,,5.56,,,,,,,,,,,4.8,4.95,1000,,<0.5,193,,31.9,2.11,,23.4,41,39,,7.31
2024-10-07,94,20.6,,,55,,,156,,,,7.15,,,,,,,,,,,,,1000,,<0.5,110,,32.8,0.40,,,36,34,,7.34
2024-10-08,94,20,,,66,,,249,,,,3.99,,,,,,,,,,,,,1000,,<0.5,46,,34,0.93,,,43,40,,7.43
2024-10-09,93,17.2,,,65,,,269,,,,4.62,,,,,,,,,,,,,1000,,<0.5,40,,27.5,1.04,,,48,45,,7.50
2024-10-10,99,32.1,,,93,,,321,,,,4.73,,,,,,,,,,,,,1000,,<0.5,52,,20.1,0.92,,,54,53,,7.62
2024-10-11,94,70.1,,,184,,,623,,,,7.88,,,,,,,,,,,,,1000,,<0.5,144,,15,0.79,,,102,95,,7.65
2024-10-12,97,76.6,,,298,,,765,,,,0.68,,,,,,,,,,,,,1000,,<0.5,160,,17.6,1.09,,,138,133,,7.15
2024-10-13,96,61.5,,,102,,,428,,,,2.99,,,,,,,,,,,,,1000,,<0.5,51,,32.3,1.44,,,63,60,,7.76
2024-10-14,96,47.4,,,90,,,378,,,,2.47,,,,,,,,,,,,,1000,,<0.5,50,,29.4,4.04,,,62,59,,7.59
2024-10-15,98,32.5,,,44,,,236,,,,0.44,,,,,,,,,,,,,1000,,<0.5,96,,20.8,1.01,,,59,58,,7.74
2024-10-16,94,37.5,,,125,,,439,,,,4.62,,,,,,,,,,,,,1000,,<0.5,56,,19.4,0.50,,,60,56,,7.52
2024-10-17,98,42.6,,,55,,,320,,,,0.25,,,,,,,,,,,,,1000,,<0.5,113,,20.4,1.24,,,64,63,,7.72
2024-10-18,95,45.6,,,95,,,415,,,,0.44,,,,,,,,,,,,,1000,,<0.5,52,,20.9,2.40,,,67,64,,7.57
2024-10-19,95,50.6,,,87,,,355,,,,3.18,,,,,,,,,,,,,1000,,<0.50,45,,27,1.08,,,65,62,,7.60
2024-10-20,96,50.8,,,100,,,366,,,,0.47,,,,,,,,,,,,,1000,,<0.5,46,,22.8,1.69,,,77,73,,7.55
2024-10-21,96,28.5,,,90,,,256,,,,3.14,,,,,,,,,,,,,1000,,<0.5,41,,26.1,2.68,,,82,79,,7.48
2024-10-22,96,38.9,,,86,,,380,,,,0.50,,,,,,,,,,,,,1000,,<0.5,40,,18.5,0.27,,,74,72,,7.64
2024-10-23,96,35.7,,,116,,,332,,,,1.41,,,,,,,,,,,,,1000,,<0.5,60,,15.9,0.43,,,71,68,,7.56
2024-10-24,93,38.5,,,184,,,406,,,,0.95,,,,,,,,,,,,,1000,,<0.5,108,,11.2,0.00,,,79,73,,7.53
2024-10-25,93,50.9,,,261,,,576,,,,0.31,,,,,,,,,,,,,1000,,<0.5,183,,13.7,0.21,,,97,90,,7.52
2024-10-26,94,35.2,,,231,,,661,,,,2.25,,,,,,,,,,,,,1000,,<0.5,110,,14.4,3.04,,,86,81,,7.39
2024-10-27,94,45.7,,,343,,,820,,,,0.37,,,,,,,,,,,,,1000,,<0.5,170,,11.2,0.92,,,191,180,,7.17
2024-10-28,98,44.9,,,334,,,728,,,,1.14,,,,,,,,,,,,,1000,,<0.5,250,,14.4,2.14,,,86,84,,7.30
2024-10-29,96,42.4,,,117,,,395,,,,4.50,,,,,,,,,,,,,1000,,<0.5,62,,34.6,1.80,,,50,48,,7.46
2024-10-30,99,39.4,,,78,,,266,,,,3.89,,,,,,,,,,,,,1000,,<0.5,43,,40,3.59,,,34,33,,7.48
2024-10-31,91,28.9,,,132,,,284,,,,3.76,,,,,,,,,,,,,1000,,<0.5,54,,29.9,1.28,,,70,64,,7.30
2024-11-01,97,32.2,,,71,,,274,,,,3.46,,,,,,,,,,,,,1000,,<0.5,40,,34.2,0.00,,,50,49,,7.43
2024-11-02,96,25.6,,,96,,,424,,,,6.64,,,,,,,,,,,,,1000,,<0.5,27,,24.6,1.67,,,54,52,,7.41
2024-11-03,94,23.3,,,80,,,240,,,,5.41,,,,,,,,,,,12,6.25,1000,,<0.5,32,,29.2,2.82,,35.3,67,63,,7.48
2024-11-04,91,17.8,,,64,,,275,,,,5.09,,,,,,,,,,,,,1000,,<0.5,29,,29.2,1.20,,,50,45,,7.47
2024-11-05,91,15.8,,,112,,,480,,,,2.00,,,,,,,,,,,,,1000,,<0.5,28,,28.2,1.48,,,158,144,,7.41
2024-11-06,86,14.5,11/12/2024 13:34,<0.0100,176,<0.0020,,330,0.0057,<0.0100,0.0561,6.11,,,,<0.0060,,<0.00020,EPA-245.1,0.0191,0.03,7.5,,,1000,<0.0100,3,84,Waypoint Analytical LLC.,30.1,1.36,,,284,244,0.228,7.14
2024-11-07,92,7.18,,,69,,,126,,,,6.98,,,,,,,,,,,,,1000,,<0.5,21,,38,1.53,,,46,42,,7.26
2024-11-08,92,13.6,,,47,,,112,,,,6.38,,,,,,,,,,,,,1000,,<0.5,16,,27.6,1.95,,,52,48,,7.47
2024-11-09,96,13.5,,,52,,,96,,,,4.99,,,,,,,,,,,,,1000,,<0.5,25,,26.9,1.59,,,50,49,,7.48
2024-11-10,93,13.5,,,45,,,136,,,,3.95,,,,,,,,,,,,,1000,,<0.5,25,,27.2,1.17,,,43,40,,7.41
2024-11-11,95,29.2,,,51,,,120,,,,4.76,,,,,,,,,,,,,1000,,<0.5,26,,31.4,2.64,,,45,43,,7.58
2024-11-12,96,45.3,,,77,,,260,,,,6.53,,,,,,,,,,,,,1000,,<0.5,220,,32.4,2.93,,,57,55,,7.57
2024-11-13,91,36.3,,,98,,,268,,,,0.53,,,,,,0.00000805,,,,,,,1000,,<0.5,40,,31.2,1.06,,,85,78,,7.46
2024-11-14,82,11.7,,,65,,,188,,,,5.45,,,,,,0.00000678,,,,,,,1000,,<0.5,37,,24.2,0.60,,,50,41,,7.37
2024-11-15,89,8.7,,,43,,,190,,,,4.91,,,,,,,,,,,,,1000,,<0.5,13,,31.2,1.05,,,38,34,,7.41
2024-11-16,93,12.6,,,38,,,244,,,,6.72,,,,,,,,,,,,,1000,,<0.5,26,,28.4,0.35,,,56,52,,7.43
2024-11-17,93,39.9,,,231,,,112,,,,1.15,,,,,,,,,,,,,1000,,<0.5,165,,16.9,3.92,,,107,100,,7.38
2024-11-18,98,55.5,,,282,,,274,,,,0.97,,,,,,,,,,,,,1000,,<0.5,170,,25.2,2.65,,,104,102,,7.37
2024-11-19,95,31.6,,,170,,,290,,,,6.56,,,,,,,,,,,,,1000,,<0.5,91,,29.8,0.12,,,84,80,,7.49
2024-11-20,96,14.9,,,144,,,121,,,,4.02,,,,,,,,,,,,,1000,,<0.5,64,,21.9,0.33,,,92,88,,7.37
2024-11-21,95,18.2,,,208,,,105,,,,7.42,,,,,,,,,,,,,1000,,<0.5,169,,16.4,0.00,,,113,107,,7.44
2024-11-22,93,23.4,,,127,,,252,,,,3.89,,,,,,,,,,,,,1000,,<0.5,86,,32.9,1.81,,,72,67,,7.60
2024-11-23,93,16.8,,,94,,,144,,,,3.71,,,,,,,,,,,,,1000,,<0.5,72,,30.9,0.42,,,72,67,,7.60
2024-11-24,97,16.4,,,103,,,377,,,,0.50,,,,,,,,,,,,,1000,,<0.5,121,,25.4,2.92,,,59,57,,7.54
2024-11-25,96,34.2,,,105,,,443,,,,1.19,,,,,,,,,,,,,1000,,<0.5,375,,23.8,1.05,,,95,91,,7.55
2024-11-26,94.49275362,38.1,,,240,,,1064,,,,4.77,,,,,,,,,,,,,1000,,<0.5,106,,26.6,2.03,,,345,326,,7.98
2024-11-27,99,34.9,,,196,,,488,,,,4.02,,,,,,,,,,,,,1000,,<0.5,140,,22,0.31,,,127,126,,7.37
2024-11-28,96,50.3,,,175,,,566,,,,4.97,,,,,,,,,,,,,1000,,<0.5,126,,27.2,0.81,,,124,118,,7.54
2024-11-29,99,37.8,,,124,,,404,,,,5.15,,,,,,,,,,,,,1000,,<0.5,69,,29.9,0.57,,,88,86,,7.38
2024-11-30,97,34.6,,,122,,,458,,,,3.45,,,,,,,,,,,,,1000,,<0.5,80,,26.9,0.11,,,91,89,,7.59
2024-12-01,96,27.6,,,112,,,308,,,,6.24,,,,,,,,,,,9.8,7.36,1000,,<0.5,73,,28.1,1.19,,37.4,59,56,,7.52
2024-12-02,92,23.7,,,98,,,393,,,,7.04,,,,,,,,,,,,,1000,,<0.5,34,,26.2,1.02,,,79,73,,7.45
2024-12-03,94,38.8,,,189,,,518,,,,8.76,,,,,,,,,,,,,1000,,<0.5,78,,22.3,1.47,,,102,96,,7.49
2024-12-04,93,30,,,136,,,496,,,,7.99,,,,,,,,,,13.7,,,1000,,<0.5,102,,23.7,3.84,,,83,78,,7.46
2024-12-05,100,17.1,,,116,,,371,,,,8.33,,,,,,,,,,,,,1000,,<0.5,87,,30.4,1.12,,,54,54,,7.39
2024-12-06,94,16.5,,,95,,,349,,,,8.04,,,,,,,,,,,,,1000,,<0.5,72,,32.3,0.30,,,66,62,,7.37
2024-12-07,94,19.3,,,228,,,400,,,,4.81,,,,,,,,,,,,,1000,,<0.5,112,,28.8,0.00,,,78,73,,7.27
2024-12-08,91,22.4,,,204,,,343,,,,1.66,,,,,,,,,,,,,1000,,<0.5,71,,72.5,1.03,,,68,62,,7.46
2024-12-09,88,21.3,,,255,,,593,,,,2.67,,,,,,,,,,,,,1000,,1,60,,35.2,2.74,,,263,231,,7.49
2024-12-10,84,17.3,,,116,,,411,,,,8.91,,,,,,,,,,,,,1000,,<0.5,86,,39.8,0.95,,,147,124,,6.00
2024-12-11,90,19.3,,,59,,,320,,,,7.30,,,,,,,,,,,,,1000,,<0.5,31,,35.3,1.96,,,59,54,,7.37
2024-12-12,88,25.1,,,145,,,482,,,,7.70,,,,,,,,,,,,,1000,,<0.5,110,,33.2,0.84,,,167,148,,7.35
2024-12-13,83,23.6,,,114,,,101,,,,8.29,,,,,,,,,,,,,1000,,<0.5,81,,32.5,2.89,,,138,114,,7.25
2024-12-14,87,25.8,,,96,,,365,,,,7.45,,,,,,,,,,,,,1000,,<0.5,64,,30.2,2.09,,,96,83,,7.34
2024-12-15,94,40.6,,,129,,,511,,,,0.78,,,,,,,,,,,,,1000,,<0.5,86,,30.7,0.13,,,155,146,,7.31
2024-12-16,95,26.1,1/7/2025 15:24,<0.0100,92,<0.0020,,340,<0.0050,<0.0100,0.011,5.28,,,,<0.0060,,<0.00020,EPA-245.1,0.0077,0.0088,,,,1000,<0.0100,<0.5,55,Waypoint Analytical LLC.,30.1,0.38,,,106,100,0.0284,7.49
2024-12-17,90,16.7,,,243,,,656,,,,0.43,,,,,,,,,,,,,1000,,1.5,55,,35.5,0.39,,,380,344,,7.51
2024-12-18,88,12,,,365,,,1152,,,,3.37,,,,,,,,,,,,,1000,,250,48,,31.3,0.10,,,685,599,,7.26
2024-12-19,99,7.46,,,46,,,135,,,,3.00,,,,,,,,,,,,,1000,,<0.5,34,,28.4,2.48,,,40,40,,7.37
2024-12-20,89,12.9,,,53,,,232,,,,3.68,,,,,,,,,,,,,1000,,<0.5,42,,29.4,1.21,,,38,34,,7.39
2024-12-21,98,14.7,,,41,,,214,,,,3.20,,,,,,,,,,,,,1000,,<0.5,33,,32.9,2.13,,,38,37,,7.50
2024-12-22,91,20.8,,,45,,,210,,,,8.99,,,,,,,,,,,,,1000,,<0.5,30,,30.9,1.57,,,38,35,,7.55
2024-12-23,96,37.5,,,59,,,266,,,,8.90,,,,,,,,,,,,,1000,,<0.5,46,,27.7,1.99,,,65,62,,7.44
2024-12-24,91,45.8,,,51,,,318,,,,8.68,,,,,,,,,,,,,1000,,<0.5,41,,31.2,1.41,,,106,97,,7.68
2024-12-25,92,34.4,,,63,,,1250,,,,7.60,,,,,,,,,,,,,1000,,<0.5,27,,30.2,1.65,,,61,56,,7.57
2024-12-26,90,39.4,,,58,,,285,,,,8.99,,,,,,,,,,,,,1000,,<0.5,29,,28.1,0.19,,,54,48,,7.45
2024-12-27,92,36.7,,,135,,,355,,,,1.20,,,,,,,,,,,,,1000,,100,72,,33.9,0.31,,,483,446,,7.24
2024-12-28,87,14.4,,,37,,,298,,,,8.98,,,,,,,,,,,,,1000,,<0.5,34,,30.9,1.61,,,38,33,,7.30
2024-12-29,95,10.2,,,32,,,156,,,,7.00,,,,,,,,,,,,,1000,,<0.5,45,,20.8,3.91,,,46,44,,7.06
2024-12-30,98,10.3,,,55,,,131,,,,8.56,,,,,,,,,,,,,1000,,<0.5,29,,24.3,2.22,,,22,22,,7.27
2024-12-31,92,13,,,50,,,166,,,,7.94,,,,,,,,,,,,,1000,,<0.5,20,,29.4,2.83,,,21,19,,7.32
2025-01-01,91,16.5,,,25,,,172,,,,5.84,,,,,,,,,,,,,1000,,<0.5,22,,29.8,0.47,,,15,14,,7.49
2025-01-02,83,18.9,,,36,,,201,,,,8.25,,,,,,,,,,,,,1000,,<0.5,24,,25.3,2.65,,,38,31,,7.60
2025-01-03,89,27.3,,,28,,,187,,,,7.83,,,,,,,,,,,,,1000,,<0.5,16,,39.8,1.59,,,25,23,,7.54
2025-01-04,95,17.8,,,24,,,190,,,,6.27,,,,,,,,,,,,,1000,,<0.5,22,,31.3,3.88,,,13,12,,7.46
2025-01-05,88,27.8,,,33,,,193,,,,5.46,,,,,,,,,,,,,1000,,<0.5,29,,38.5,1.52,,,22,19,,7.52
2025-01-06,86,30.1,,,94,,,335,,,,8.42,,,,,,,,,,,,,1000,,<0.5,35,,28.7,1.03,,,98,84,,7.45
2025-01-07,93,23,,,45,,,250,,,,8.20,,,,,,,,,,,,,1000,,<0.5,34,,30.9,0.64,,,31,29,,7.43
2025-01-08,96,26,1/14/2025 15:27,<0.0100,46,<0.0020,,220,<0.0050,<0.0100,0.0068,7.33,,,,<0.0060,,<0.00020,EPA-245.1,0.0107,0.0132,,,,1000,<0.0100,<0.5,29,Waypoint Analytical LLC.,32.9,0.44,,,28,27,0.027,7.42
2025-01-09,99,18,,,23,,,193,,,,7.77,,,,,,,,,,,,,1000,,<0.5,38,,31.6,0.00,,,30,30,,7.47
2025-01-10,85,13.1,,,50,,,237,,,,7.69,,,,,,,,,,,,,1000,,<0.5,37,,30.8,1.22,,,42,36,,7.34
2025-01-11,91,13.4,,,103,,,364,,,,9.00,,,,,,,,,,,,,1000,,.5,20,,27.7,1.57,,,126,115,,7.29
2025-01-12,89,14.1,,,342,,,755,,,,7.16,,,,,,,,,,,,,1000,,40,>61,,27.1,1.32,,,426,379,,7.27
2025-01-13,86,14.3,,,149,,,396,,,,8.97,,,,,,,,,,,,,1000,,0.5,44,,31.3,1.77,,,151,129,,7.41
2025-01-14,90,12.3,,,92,,,352,,,,8.90,,,,,,,,,,,12.1,6.85,1000,,<0.5,,,36.3,1.87,,24.5,107,96,,7.51
2025-01-15,89,22.5,,,126,,,552,,,,7.66,,,,,,,,,,,,,1000,,1.5,,,33.3,0.35,,,189,168,,7.43
2025-01-16,91,13.8,,,46,,,520,,,,8.27,,,,,,,,,,,,,1000,,3.0,,,35.2,1.33,,,225,206,,7.47
2025-01-17,98,16.4,,,267,,,768,,,,2.75,,,,,,,,,,,,,1000,,30,,,33.6,1.32,,,416,408,,7.25
2025-01-18,99,18.8,,,224,,,612,,,,0.50,,,,,,,,,,,,,1000,,32,27,,24.5,2.46,,,271,269,,7.31
2025-01-19,93,18.2,,,146,,,456,,,,1.06,,,,,,,,,,,,,1000,,<0.5,,,28.4,1.16,,,190,176,,7.51
2025-01-20,66,15.3,,,117,,,390,,,,8.86,,,,,,,,,,,,,1000,,0.5,,,34.6,3.10,,,181,120,,7.36
2025-01-21,94,13.6,,,132,,,516,,,,6.98,,,,,,,,,,,,,1000,,1,,,40.7,3.57,,,175,164,,7.33
2025-01-22,91,28.4,,,159,,,522,,,,5.39,,,,,,,,,,,,,1000,,3.5,,,31.2,0.57,,,218,198,,7.42
2025-01-23,88,28.3,,,75,,,304,,,,7.07,,,,,,,,,,,,,1000,,0.5,,,37.2,1.76,,,85,75,,7.39
2025-01-24,90,14.8,,,76,,,305,,,,8.21,,,,,,,,,,,,,1000,,<0.5,,,38.2,0.87,,,70,63,,6.16
2025-01-25,85,12.3,,,102,,,482,,,,8.28,,,,,,,,,,,,,1000,,<1.0,,,36.9,0.92,,,152,130,,7.37
2025-01-26,91,12.5,,,65,,,303,,,,6.49,,,,,,,,,,,,,1000,,<0.5,,,44.9,0.76,,,79,72,,7.37
2025-01-27,98,15.7,,,51,,,277,,,,6.95,,,,,,,,,,,,,1000,,<0.5,,,38.2,2.18,,,64,63,,7.29
2025-01-28,93,14.9,,,155,,,536,,,,0.90,,,,,,,,,,,,,1000,,19,45,,39.2,1.68,,,268,249,,7.19
2025-01-29,92,29.9,,,119,,,424,,,,5.94,,,,,,,,,,,,,1000,,0.5,65,,38.5,2.14,,,138,127,,7.37
2025-01-30,94,49.4,,,228,,,762,,,,8.00,,,,,,,,,,,,,1000,,4,94,,36.4,0.13,,,251,235,,7.46
2025-01-31,99,37.8,,,311,,,602,,,,6.96,,,,,,,,,,,,,1000,,12,,,27.6,0.73,,,273,270,,7.30
2025-02-01,99,18.5,,,69,,,324,,,,6.72,,,,,,,,,,,,,1000,,<0.5,,,27.8,1.89,,,42,42,,7.29
2025-02-02,95,11.3,,,58,,,294,,,,6.36,,,,,,,,,,,8.9,5.28,1000,,<0.5,,,34.4,3.70,,20.2,49,46,,7.25
2025-02-03,95,10.3,,,112,,,1216,,,,8.46,,,,,,,,,,,,,1000,,<0.5,41,,33.2,0.56,,,119,114,,7.15
2025-02-04,94,11.1,,,115,,,434,,,,8.88,,,,,,,,,,,,,1000,,<0.5,43,,34.2,0.59,,,142,133,,7.29
2025-02-05,100,13.9,,,59,,,288,,,,6.14,,,,,,,,,,,,,1000,,<0.5,,,34.4,3.03,,,67,67,,7.27
2025-02-06,97,18.2,,,205,,,574,,,,5.94,,,,,,,,,,,,,1000,,7.5,,,30.1,2.97,,,295,286,,7.22
2025-02-07,90,36.1,,,222,,,653,,,,6.15,,,,,,,,,,,,,1000,,2,,,35.5,0.54,,,122,111,,7.15
2025-02-08,100,28.7,,,44,,,226,,,,8.90,,,,,,,,,,,,,1000,,<0.5,,,35,0.98,,,31,31,,7.47
2025-02-09,96,26.2,,,58,,,282,,,,6.59,,,,,,,,,,,,,1000,,<0.5,,,32.7,2.19,,,32,31,,7.50
2025-02-10,99,23.6,,,56,,,330,,,,6.72,,,,,,,,,,,,,1000,,<0.5,,,33.1,2.65,,,30,29,,7.41
2025-02-11,92,40.8,,,550,,,1410,,,,0.17,,,,,,,,,,,,,1000,,150,,,40,2.33,,,812,743,,7.18
2025-02-12,89,22.6,,,129,,,387,,,,8.23,,,,,,,,,,,,,1000,,<0.5,,,29.1,2.60,,,110,99,,7.19
2025-02-13,93,16.2,,,125,,,1205,,,,2.89,,,,,,,,,,,,,1000,,<0.5,143,,26.1,0.54,,,122,114,,7.17
2025-02-14,89,14.4,,,51,,,207,,,,8.15,,,,,,,,,,,,,1000,,<0.5,,,27.4,0.70,,,29,25,,7.25
2025-02-15,90,10.3,,,119,,,194,,,,8.19,,,,,,,,,,,,,1000,,<0.5,,,20.6,0.56,,,118,106,,7.33
2025-02-16,86,6.85,,,131,,,652,,,,8.12,,,,,,,,,,,,,1000,,8,,,22.7,0.29,,,339,290,,6.94
2025-02-17,91,7.42,,,63,,,430,,,,6.75,,,,,,,,,,,,,1000,,<0.5,,,27.1,3.35,,,53,48,,7.26
2025-02-18,90,8.75,,,48,,,179,,,,7.18,,,,,,,,,,,,,1000,,<0.5,33,,23.1,0.50,,,29,26,,7.33
2025-02-19,93,10.2,,,38,,,144,,,,8.50,,,,,,,,,,,,,1000,,<0.5,27,,23.5,4.28,,,28,26,,7.35
2025-02-20,84,9.45,,,27,,,145,,,,8.10,,,,,,,,,,,,,1000,,<0.5,85,,22.7,2.57,,,25,21,,7.35
2025-02-21,98,7.5,,,30,,,142,,,,6.41,,,,,,,,,,,,,1000,,<0.5,47,,20.4,3.53,,,26,25,,7.07
2025-02-22,96,7.7,,,38,,,148,,,,5.46,,,,,,,,,,,,,1000,,<0.5,307,,21.1,0.98,,,31,29,,7.13
2025-02-23,89,11.1,,,30,,,128,,,,5.64,,,,,,,,,,,,,1000,,<0.5,28,,26.3,4.53,,,21,19,,7.38
2025-02-24,87,26.9,,,69,,,316,,,,5.26,,,,,,,,,,,,,1000,,<0.5,,,21.4,0.46,,,132,115,,7.39
2025-02-25,95,26.1,,,42,,,170,,,,6.20,,,,,,,,,,,,,1000,,<0.5,19,,26.5,2.48,,,32,31,,7.47
2025-02-26,97,16.8,,,45,,,168,,,,6.94,,,,,,,,,,,,,1000,,<0.5,28,,27.3,0.50,,,29,28,,7.40
2025-02-27,93,11.6,,,112,,,314,,,,6.45,,,,,,,,,,,,,1000,,<0.5,83,,25.5,0.76,,,105,98,,7.39
2025-02-28,90,11.5,,,186,,,472,,,,5.73,,,,,,,,,,,,,1000,,1,,,27.1,2.80,,,227,203,,7.25
2025-03-01,96,24,,,50,,,235,,,,5.02,,,,,,,,,,,,,1000,,<0.5,,,27.8,0.30,,,42,40,,7.36
2025-03-02,98,32,,,41,,,194,,,,7.10,,,,,,,,,,,4,1.72,1000,,<0.5,,,28.2,3.81,,36,30,29,,7.60
2025-03-03,97,21.7,,,47,,,183,,,,8.80,,,,,,,,,,,,,1000,,<0.5,26,,27.2,1.26,,,32,31,,7.41
2025-03-04,86,21.5,,,51,,,220,,,,7.94,,,,,,,,,,,,,1000,,<0.5,42,,31,4.81,,,30,25,,7.50
2025-03-05,99,13.9,,,64,,,236,,,,6.34,,,,,,,,,,,,,1000,,<0.5,55,,29.4,2.63,,,43,43,,7.56
2025-03-06,97,22.1,,,49,,,229,,,,8.67,,,,,,,,,,,,,1000,,<0.5,41,,28.9,0.44,,,38,37,,7.48
2025-03-07,95,18.8,,,58,,,293,,,,5.78,,,,,,,,,,,,,1000,,<0.5,,,27.5,1.62,,,49,46,,7.35
2025-03-08,97,11.3,,,47,,,250,,,,7.36,,,,,,,,,,,,,1000,,<0.5,,,28.8,0.68,,,44,43,,7.30
2025-03-09,95,11,,,45,,,1469,,,,8.91,,,,,,,,,,,,,1000,,<0.5,,,27.3,0.22,,,46,44,,7.32
2025-03-10,97,11.7,,,48,,,204,,,,6.06,,,,,,,,,,,,,1000,,<0.5,40,,27.1,0.96,,,42,41,,7.43
2025-03-11,95,12.8,,,150,,,438,,,,8.09,,,,,,,,,,,,,1000,,0.5,55,,26.8,0.65,,,124,117,,7.41
2025-03-12,95,26,3/19/2025 14:24,<0.0100,162,<0.0020,,522,<0.0050,<0.0100,0.0225,6.95,,,,<0.0060,,<0.00020,EPA-245.1,0.0192,0.0138,,,,1000,<0.0100,1.5,81,Waypoint Analytical LLC.,34.5,1.73,,,206,197,0.0777,7.40
2025-03-13,91,16.7,,,60,,,244,,,,4.99,,,,,,,,,,,,,1000,,<0.5,60,,30.3,0.32,,,63,57,,7.54
2025-03-14,95,18.6,,,50,,,233,,,,5.66,,,,,,,,,,,,,1000,,<0.5,,,27.1,0.37,,,54,51,,7.36
2025-03-15,94,13.9,,,92,,,325,,,,1.13,,,,,,,,,,,,,1000,,<0.5,,,21.1,3.15,,,105,99,,7.26
2025-03-16,98,13.9,,,78,,,163,,,,8.33,,,,,,,,,,,,,1000,,<0.5,,,22.1,3.14,,,45,44,,7.35
2025-03-17,92,11.7,,,61,,,134,,,,6.44,,,,,,,,,,,,,1000,,<0.5,,,22.4,0.00,,,29,27,,7.34
2025-03-18,96,35.1,,,75,,,206,,,,5.55,,,,,,,,,,,,,1000,,<0.5,51,,26.6,0.55,,,55,53,,7.50
2025-03-19,96.77419355,46.4,,,83,,,387,,,,5.15,,,,,,,,,,,,,1000,,<0.5,,,27.7,3.06,,,62,60,,7.65
2025-03-20,96,39.6,,,64,,,353,,,,4.38,,,,,,,,,,,,,1000,,<0.5,,,9.83,0.75,,,54,51,,7.53
2025-03-21,91,18.4,,,34,,,200,,,,4.96,,,,,,,,,,,,,1000,,<0.5,,,32.6,0.46,,,43,40,,7.44
2025-03-22,92,17.3,,,31,,,232,,,,6.85,,,,,,,,,,,,,1000,,<0.5,,,27.6,1.39,,,34,31,,7.40
2025-03-23,94,18.4,,,30,,,250,,,,6.07,,,,,,,,,,,,,1000,,<0.5,27,,29.3,3.20,,,31,29,,7.50
2025-03-24,96,31.6,,,36,,,269,,,,7.06,,,,,,,,,,,,,1000,,<0.5,34,,25.5,4.23,,,38,37,,7.54
2025-03-25,96,27.9,,,29,,,213,,,,5.43,,,,,,,,,,,,,1000,,<0.5,22,,33,0.00,,,24,23,,7.60
2025-03-26,91,19.1,,,26,,,193,,,,7.14,,,,,,,,,,,,,1000,,<0.5,18,,31.2,1.06,,,28,26,,7.50
2025-03-27,92,26.3,,,49,,,304,,,,7.34,,,,,,,,,,,,,1000,,<0.5,30,,27.2,0.66,,,61,56,,7.55
2025-03-28,94,45,,,268,,,592,,,,0.70,,,,,,,,,,,,,1000,,0.1,,,21.4,0.26,,,166,156,,7.48
2025-03-29,89,27,,,206,,,611,,,,5.06,,,,,,,,,,,,,1000,,7,138,,18,4.09,,,135,120,,7.47
2025-03-30,91,22.1,,,201,,,554,,,,6.79,,,,,,,,,,,,,1000,,13,84,,28.3,0.19,,,211,192,,7.39
2025-03-31,94,21.9,,,151,,,598,,,,7.90,,,,,,,,,,,,,1000,,2,47,,33.3,0.55,,,181,171,,7.39
2025-04-01,92,25.6,,,124,,,422,,,,6.68,,,,,,,,,,,14.8,9.64,1000,,1,35,,32.8,1.60,,40.4,137,126,,7.38
2025-04-02,91,33.7,,,196,,,620,,,,5.06,,,,,,,,,,,,,1000,,0.8,26,,20.4,1.49,,,202,183,,7.44
2025-04-03,92,23.3,,,259,,,768,,,,0.37,,,,,,,,,,,,,1000,,40,83,,22.1,2.96,,,356,328,,7.22
2025-04-04,89,9.8,,,54,,,190,,,,8.04,,,,,,,,,,,,,1000,,<0.5,20,,19.6,0.54,,,56,49,,7.04
2025-04-05,89,8.8,,,61,,,167,,,,8.81,,,,,,,,,,,,,1000,,<0.5,31,,23,0.39,,,51,45,,7.18
2025-04-06,81,9.35,,,58,,,150,,,,8.33,,,,,,,,,,,,,1000,,<0.5,38,,14.6,3.82,,,26,21,,7.01
2025-04-07,93,7.35,,,57,,,145,,,,8.71,,,,,,,,,,,,,1000,,<0.5,43,,19.9,3.94,,,38,36,,7.01
2025-04-08,94,9.5,,,67,,,182,,,,8.45,,,,,,,,,,,,,1000,,<0.5,42,,23.3,2.96,,,40,38,,7.17
2025-04-09,94,12.2,4/15/2025 13:54,<0.0100,36,<0.0020,,141,<0.0050,<0.0100,0.0077,8.40,,,,<0.0060,,<0.00020,EPA-245.1,0.0082,0.0201,,,,1000,<0.0100,<0.5,16.26,Waypoint Analytical LLC.,28,0.67,,,30,28,<0.0200,7.28
2025-04-10,75,17.8,,,34,,,159,,,,8.01,,,,,,,,,,,,,1000,,<0.5,21,,27.3,1.14,,,44,33,,7.34
2025-04-11,91,21.1,,,28,,,227,,,,7.95,,,,,,,,,,,,,1000,,<0.5,335,,32.4,1.87,,,27,24,,7.47
2025-04-12,99,23.6,,,23,,,152,,,,8.04,,,,,,,,,,,,,1000,,<0.5,24,,29.6,0.00,,,21,21,,7.41
2025-04-13,92,27.8,,,33,,,199,,,,7.76,,,,,,,,,,,,,1000,,<0.5,,,31.9,2.26,,,27,24,,7.59
2025-04-14,77,34.1,,,36,,,442,,,,8.52,,,,,,,,,,,,,1000,,<0.5,13,,30,1.59,,,31,24,,7.51
2025-04-15,87,40,,,124,,,520,,,,7.48,,,,,,,,,,,,,1000,,<0.5,50,,32.1,3.45,,,137,119,,7.50
2025-04-16,87.65432099,40.7,,,77,,,344,,,,7.43,,,,,,,,,,,,,1000,,<0.5,37,,28,2.88,,,81,71,,7.53
2025-04-17,93,35.3,,,45,,,270,,,,5.83,,,,,,,,,,,,,1000,,<0.5,,,28.2,1.27,,,40,37,,7.46
2025-04-18,92,29.4,,,53,,,296,,,,4.95,,,,,,,,,,,,,1000,,<0.5,,,29.5,1.75,,,56,52,,7.41
2025-04-19,98,36.2,,,44,,,270,,,,4.98,,,,,,,,,,,,,1000,,<0.5,,,32.8,0.19,,,53,52,,7.38
2025-04-20,99,38,,,36,,,266,,,,6.43,,,,,,,,,,,,,1000,,<0.5,,,31.5,2.84,,,39,39,,7.55
2025-04-21,100,42.8,,,41,,,260,,,,5.79,,,,,,,,,,,,,1000,,<0.5,83,,31.1,2.27,,,44,44,,7.50
2025-04-22,91,37.5,,,33,,,156,,,,7.32,,,,,,,,,,,,,1000,,<0.5,16,,32.3,0.27,,,37,34,,7.57
2025-04-23,94,39.9,,,34,,,238,,,,7.15,,,,,,,,,,,,,1000,,<0.5,67,,33.1,1.49,,,34,32,,7.58
2025-04-24,95,39.4,,,41,,,262,,,,8.19,,,,,,,,,,,,,1000,,<0.5,15,,32.5,0.23,,,44,42,,7.57
2025-04-25,91,34.4,,,36,,,1315,,,,4.14,,,,,,,,,,,,,1000,,<0.5,,,32.6,0.44,,,45,41,,7.46
2025-04-26,94,35.8,,,38,,,,,,,4.13,,,,,,,,,,,,,1000,,<0.5,,,35.8,1.43,,,49,46,,7.45
2025-04-27,96,35.2,,,32,,,255,,,,6.97,,,,,,,,,,,,,1000,,<0.5,,,35.8,0.48,,,42,40,,7.50
2025-04-28,95,34.2,,,31,,,186,,,,7.06,,,,,,,,,,,,,1000,,<0.5,13,,26.5,1.47,,,34,32,,7.49
2025-04-29,92,37.6,,,27,,,147,,,,7.55,,,,,,,,,,,,,1000,,<0.5,12,,35.9,1.32,,,30,28,,7.51
2025-04-30,95,39.6,,,31,,,224,,,,8.25,,,,,,,,,,,,,1000,,<0.5,23,,33.3,1.69,,,30,28,,7.65
2025-05-01,96,38.4,,,23,,,220,,,,7.13,,,,,,,,,,,<1.00,2.72,1000,,<0.5,>9,,31.6,0.27,,39.2,26,25,,7.36
2025-05-02,96,40.6,,,32,,,213,,,,5.18,,,,,,,,,,,,,1000,,<0.5,,,33.3,2.33,,,30,29,,7.45
2025-05-03,100,38.1,,,32,,,244,,,,5.17,,,,,,,,,,,,,1000,,<0.5,,,36.7,2.28,,,31,31,,7.41
2025-05-04,100,32.9,,,32,,,206,,,,4.05,,,,,,,,,,,,,1000,,<0.5,,,27.2,3.16,,,28,28,,7.48
2025-05-05,97,33.9,,,27,,,215,,,,5.69,,,,,,,,,,,,,1000,,<0.5,17,,28.7,1.02,,,29,28,,7.59
2025-05-06,99,,,,29,,,239,,,,8.01,,,,,,,,,,,,,1000,,<0.5,16,,,2.27,,,27,27,,7.62
2025-05-07,100,27.6,,,6,,,150,,,,8.44,,,,,,,,,,,,,1000,,<0.5,23,,31.1,2.20,,,18,18,,7.57
2025-05-08,92,31.2,,,33,,,157,,,,8.21,,,,,,,,,,,,,1000,,<0.5,15,,31.3,1.22,,,16,15,,7.57
2025-05-09,94,33.8,,,14,,,440,,,,7.36,,,,,,,,,,,,,1000,,<0.5,,,33.3,0.88,,,17,16,,7.64
2025-05-10,96,18.6,,,22,,,463,,,,6.26,,,,,,,,,,,,,1000,,<0.5,,,9.88,2.79,,,16,16,,7.18
2025-05-11,90,38.1,,,19,,,174,,,,8.51,,,,,,,,,,,,,1000,,<0.5,,,34,2.17,,,21,19,,7.67
2025-05-12,98,29.1,,,26,,,187,,,,7.76,,,,,,,,,,,,,1000,,<0.5,43,,34.3,0.18,,,28,27,,7.55
2025-05-13,78,20,,,51,,,146,,,,5.97,,,,,,,,,,,,,1000,,1,36,,30.1,1.34,,,104,81,,7.24
2025-05-14,92,27.5,5/15/2025 14:52,<0.0100,24,<0.0020,,103,<0.0050,<0.0100,0.0097,7.87,,,,<0.0060,,<0.00020,EPA-245.1,0.012,0.0179,,,,1000,<0.0100,<0.5,13,Waypoint Analytical LLC.,31.8,0.16,,,31,28,0.0312,7.51
2025-05-15,90,32.9,,,42,,,181,,,,7.89,,,,,,,,,,,,,1000,,<0.5,16,,33.7,3.13,,,46,41,,7.59
2025-05-16,95,28.3,,,27,,,217,,,,8.69,,,,,,,,,,,,,1000,,<0.5,,,34.9,3.83,,,28,27,,7.63
2025-05-17,100,20.9,,,19,,,221,,,,8.94,,,,,,,,,,,,,1000,,<0.5,,,30.7,0.99,,,20,20,,7.60
2025-05-18,93,18.4,,,19,,,128,,,,5.01,,,,,,,,,,,,,1000,,<0.5,,,31.3,2.61,,,16,15,,7.58
2025-05-19,69,16.8,,,140,,,215,,,,8.90,,,,,,,,,,,,,1000,,14,45,,36.3,2.86,,,47,32,,7.28
2025-05-20,94,12.4,,,199,,,249,,,,7.99,,,,,,,,,,,,,1000,,25,16,,34.1,4.23,,,107,100,,7.58
2025-05-21,87,10.3,,,49,,,210,,,,5.35,,,,,,,,,,,,,1000,,1,13,,26,1.07,,,78,68,,7.38
2025-05-22,90,,,,17,,,345,,,,6.11,,,,,,,,,,,,,1000,,<0.5,12,,,0.99,,,14,13,,7.56
2025-05-23,83,,,,18,,,,,,,6.75,,,,,,,,,,,,,1000,,<0.5,,,,1.67,,,13,10,,7.56
2025-05-24,87,,,,22,,,132,,,,7.89,,,,,,,,,,,,,1000,,<0.5,,,,2.58,,,31,27,,7.34
2025-05-25,75,,,,32,,,132,,,,5.37,,,,,,,,,,,,,1000,,<0.5,,,,0.64,,,63,47,,7.25
2025-05-26,95,,,,,,,150,,,,,,,,,,,,,,,,,1000,,<0.5,,,,2.46,,,24,23,,
2025-05-27,94,,,,,,,81,,,,,,,,,,,,,,,,,1000,,<0.5,34,,,0.39,,,26,24,,7.24
2025-05-28,98,,,,,,,86,,,,,,,,,,,,,,,,,1000,,<0.5,,,,1.75,,,23,23,,
2025-05-29,100,,,,,,,,,,,,,,,,,,,,,,,,1000,,<0.5,,,,2.04,,,15,15,,
2025-05-30,,,,,,,,,,,,,,,,,,,,,,,,,1000,,<0.5,,,,,,,,,,
2025-05-31,,,,,,,,,,,,,,,,,,,,,,,,,1000,,<0.5,,,,,,,,,,
2025-06-01,,,,,,,,,,,,,,,,,,,,,,,,,1000,,<0.5,,,,,,,,,,
