SampledDate,% Volatile Suspended Solids,Ammonia as N,Analysis Date/Time,Arsenic,Biochemical Oxygen Demand,Cadmium,Chemical Oxygen Demand,Chromium,Cobalt,Copper,Lead,Mercury,Method Reference,Molybdenum,Nickel,Oil and Grease (HEM),Phosphorus-total,SARS-COV2,Sample Amount,Selenium,Settleable Solids,Subcontract Lab ID,Sulfur,TSS - Change in Wt,Total Nitrogen,Total Suspended Solids,Volatile Acids,Volatile Suspended Solids,Zinc,pH
2024-06-01,85,,,,586,,1750,,,,,,,,,,,,1000,,41,,31.1,0.68,,814,276,690,,6.66
2024-06-02,84,,,,613,,1840,,,,,,,,,,18.7,,1000,,40,,31.5,0.46,93.5,875,311,735,,6.51
2024-06-03,87,,,,521,,1940,,,,,,,,,,,145660,1000,,40,,40.9,0.00,,846,311,732,,6.40
2024-06-04,91,,,,703,,1560,,,,,,,,,,,,1000,,7,,72.2,3.23,,373,332,341,,6.52
2024-06-05,82,,,,678,,2010,,,,,,,,,,,,1000,,47,,35.7,0.00,,908,338,745,,6.48
2024-06-06,90,,,,611,,1630,,,,,,,,,,,,1000,,22,,40.8,1.12,,629,288,563,,6.79
2024-06-07,88,,,,917,,2110,,,,,,,,,,,,1000,,40,,34.6,0.36,,858,365,751,,6.30
2024-06-08,88,,,,827,,2270,,,,,,,,,,,,1000,,50,,47.4,0.88,,972,430,851,,6.46
2024-06-09,89,,,,855,,2330,,,,,,,,,,,,1000,,66,,37,0.25,,1021,484,908,,6.55
2024-06-10,86,,,,1254,,2210,,,,,,,,,,,,1000,,82,,40.8,0.22,,1144,350,987,,6.51
2024-06-11,86,,,,751,,2410,,,,,,,,,,,,1000,,80,,47.8,0.72,,1152,475,990,,6.32
2024-06-12,89,,,,715,,2420,,,,,,,,,,,,1000,,88,,37.8,0.50,,1178,392,1048,,6.22
2024-06-13,90,,,,576,,1600,,,,,,,,,,,,1000,,21,,51.1,0.92,,595,285,534,,6.12
2024-06-14,92,,,,706,,1610,,,,,,,,,,,,1000,,19,,46.8,0.86,,584,445,535,,6.47
2024-06-15,95,,,,823,,1880,,,,,,,,,,,,1000,,15,,36.4,1.01,,693,406,659,,6.59
2024-06-16,92,,,,742,,1620,,,,,,,,,,,,1000,,14,,36.5,1.32,,605,362,556,,6.63
2024-06-17,88,,,,639,,1390,,,,,,,,,,,,1000,,13,,36,1.07,,500,162,441,,6.42
2024-06-18,72,,,,847,,1870,,,,,,,,,,,,1000,,20,,55.9,1.15,,957,168,687,,6.77
2024-06-19,90,,,,688,,1520,,,,,,,,,,,,1000,,12,,35.8,1.39,,432,282,388,,7.39
2024-06-20,86,,,,711,,1740,,,,,,,,,,,,1000,,14,,40.3,0.11,,610,302,523,,6.35
2024-06-21,94,,,,620,,1550,,,,,,,,,,,,1000,,8,,46,0.21,,472,314,442,,6.60
2024-06-22,91,,,,603,,1400,,,,,,,,,,,,1000,,12,,35.8,0.29,,520,273,472,,6.40
2024-06-23,89,,,,577,,1700,,,,,,,,,,,,1000,,12,,33.5,0.42,,594,294,530,,6.45
2024-06-24,84,,,,663,,1730,,,,,,,,,,,,1000,,30,,50.9,0.33,,767,329,646,,6.29
2024-06-25,87,,,,725,,1850,,,,,,,,,,,,1000,,34,,41.4,0.35,,712,361,622,,6.30
2024-06-26,90,,,,785,,2140,,,,,,,,,,,121010,1000,,30,,48.6,0.83,,503,435,451,,6.17
2024-06-27,91,,,,688,,1870,,,,,,,,,,,,1000,,26,,34.2,0.80,,723,314,661,,6.36
2024-06-28,92,,,,736,,1610,,,,,,,,,,,,1000,,10,,33.9,0.27,,743,426,681,,7.36
2024-06-29,64,,,,806,,1550,,,,,,,,,,,,1000,,13,,44.3,0.40,,757,370,485,,6.21
2024-06-30,90,,,,729,,1440,,,,,,,,,,,,1000,,9,,35.8,0.61,,529,282,476,,6.39
2024-07-01,83,,,,520,,1530,,,,,,,,,,30.2,136554,1000,,16,,49.7,0.42,104,635,139,526,,6.78
2024-07-02,94,,,,616,,1630,,,,,,,,,,,,1000,,13,,31.2,2.40,,604,308,568,,6.06
2024-07-03,91,,,,882,,1800,,,,,,,,,,,201951.8,1000,,16,,33.3,0.77,,647,358,592,,6.15
2024-07-04,93,,,,703,,1750,,,,,,,,,,,,1000,,16,,41.4,0.08,,632,326,587,,6.34
2024-07-05,91,,,,715,,1730,,,,,,,,,,,,1000,,14,,33.4,0.32,,619,329,563,,6.40
2024-07-06,92,,,,821,,1950,,,,,,,,,,,,1000,,14,,38.3,0.23,,660,452,604,,6.40
2024-07-07,92,,,,576,,1640,,,,,,,,,,,,1000,,12,,34.6,0.16,,644,323,592,,6.58
2024-07-08,93,,,,744,,1890,,,,,,,,,,,,1000,,24,,37,0.13,,780,282,723,,6.36
2024-07-09,84,,,,605,,1740,,,,,,,,,,,,1000,,20,,37.3,1.15,,783,343,658,,6.41
2024-07-10,89,,,,718,,2060,,,,,,,,,,,,1000,,25,,41.1,1.29,,852,346,757,,6.48
2024-07-11,88,,,,1456,,1830,,,,,,,,,,,,1000,,25,,41.9,0.13,,741,361,654,,6.15
2024-07-12,87,,,,757,,2210,,,,,,,,,,,,1000,,44,,44.5,0.05,,919,391,802,,7.49
2024-07-13,86,,,,739,,2140,,,,,,,,,,,,1000,,41,,49.2,0.54,,934,361,802,,6.37
2024-07-14,83,,,,574,,2080,,,,,,,,,,,,1000,,42,,42.2,0.94,,1062,317,887,,6.45
2024-07-15,89,,,,684,,2160,,,,,,,,,,,313831.2,1000,,39,,45.3,1.97,,881,326,787,,6.42
2024-07-16,85,,,,774,,2280,,,,,,,,,,,,1000,,41,,45.8,0.45,,1092,222,931,,6.19
2024-07-17,77,,,,615,,2100,,,,,,,,,,,,1000,,67,,46.8,2.24,,1182,349,910,,6.45
2024-07-18,80,,,,628,,1970,,,,,,,,,,,,1000,,42,,1.72,1.82,,1098,267,874,,6.41
2024-07-19,84,,,,836,,2240,,,,,,,,,,,,1000,,60,,52.8,0.78,,1155,382,968,,6.47
2024-07-20,84,,,,914,,2470,,,,,,,,,,,,1000,,44,,40.1,0.66,,1361,471,1138,,6.17
2024-07-21,83,,,,806,,2330,,,,,,,,,,,,1000,,60,,41.7,0.32,,1263,405,1047,,6.26
2024-07-22,84,,,,602,,2450,,,,,,,,,,,210847.7,1000,,60,,52.4,0.41,,1229,415,1038,,6.52
2024-07-23,87,,,,648,,2120,,,,,,,,,,,,1000,,50,,44.6,0.09,,1104,333,958,,6.34
2024-07-24,82,,,,497,,2050,,,,,,,,,,,,1000,,47,,38.2,0.36,,1120,303,914,,6.38
2024-07-25,80,,,,754,,400,,,,,,,,,,,,1000,,48,,39.7,0.24,,1255,156,1005,,6.24
2024-07-26,77,,,,661,,2090,,,,,,,,,,,,1000,,41,,36.3,0.45,,1188,276,916,,6.37
2024-07-27,79,,,,638,,1940,,,,,,,,,,,,1000,,43,,30.1,1.10,,1092,164,858,,6.41
2024-07-28,82,,,,656,,2250,,,,,,,,,,,,1000,,62,,44.4,0.29,,1021,303,839,,6.49
2024-07-29,85,,,,389,,1800,,,,,,,,,,,,1000,,44,,32.1,0.08,,1281,120,1085,,6.65
2024-07-30,78,,,,468,,2010,,,,,,,,,,,,1000,,52,,40.6,0.36,,1124,122,878,,6.63
2024-07-31,79,,,,412,,1810,,,,,,,,,,,,1000,,54,,38,0.58,,1030,100,814,,6.83
2024-08-01,77,,,,459,,1610,,,,,,,,,,17.4,,1000,,40,,35.6,1.20,89.5,923,88,711,,6.91
2024-08-02,81,,,,690,,1940,,,,,,,,,,,,1000,,38,,43.9,0.54,,934,176,754,,6.66
2024-08-03,87,,,,517,,1140,,,,,,,,,,,,1000,,10,,33.8,0.96,,422,150,369,,6.57
2024-08-04,94,,,,638,,1390,,,,,,,,,,,,1000,,13,,31.5,1.07,,469,178,442,,6.47
2024-08-05,94,,,,713,,1460,,,,,,,,,,,513733,1000,,12,,31.9,0.40,,501,339,471,,6.25
2024-08-06,88,,,,791,,1560,,,,,,,,,,,,1000,,12,,37.1,0.33,,450,288,394,,6.30
2024-08-07,92,,,,661,,1480,,,,,,,,,,,,1000,,12,,36.4,0.10,,504,348,463,,6.12
2024-08-08,96,,,,709,,1360,,,,,,,,,,,,1000,,8,,71.7,0.39,,390,333,372,,6.59
2024-08-09,95,,,,680,,1430,,,,,,,,,,,,1000,,9,,36,0.37,,538,330,511,,642
2024-08-10,94,,,,743,,1610,,,,,,,,,,,,1000,,12,,45,1.11,,524,369,494,,6.41
2024-08-11,92,,,,682,,1550,,,,,,,,,,,,1000,,12,,36,1.45,,448,321,413,,6.36
2024-08-12,96,,,,630,,1430,,,,,,,,,,,,1000,,8,,37.1,1.33,,450,324,431,,6.41
2024-08-13,92,,,,680,,1550,,,,,,,,,,,,1000,,10,,31.9,0.00,,502,306,462,,6.51
2024-08-14,92,,,,651,,1400,,,,,,,,,,,,1000,,11,,29.1,0.38,,526,285,486,,6.50
2024-08-15,89,,,,860,,1700,,,,,,,,,,,,1000,,18,,36.8,2.76,,756,354,673,,6.33
2024-08-16,89,,,,682,,1490,,,,,,,,,,,,1000,,14,,35.1,0.26,,583,303,519,,6.30
2024-08-17,88,,,,661,,1630,,,,,,,,,,,,1000,,18,,34.7,1.26,,635,291,561,,6.48
2024-08-18,89,,,,524,,1420,,,,,,,,,,,,1000,,10,,32.7,2.76,,588,40,525,,8.42
2024-08-19,91,,,,674,,1580,,,,,,,,,,,565735,1000,,16,,40.2,1.56,,642,303,587,,6.41
2024-08-20,88,,,,733,,1770,,,,,,,,,,,,1000,,24,,36.7,0.55,,752,327,662,,6.42
2024-08-21,84,,,,681,,1850,,,,,,,,,,,,1000,,25,,31.7,2.63,,822,312,690,,6.49
2024-08-22,86,,,,740,,2430,,,,,,,,,,,,1000,,24,,39.3,1.33,,715,303,615,,6.38
2024-08-23,88,,,,918,,2280,,,,,,,,,,,,1000,,30,,38.2,0.83,,786,366,691,,6.18
2024-08-24,87,,,,726,,1880,,,,,,,,,,,,1000,,23,,27.2,0.98,,764,312,666,,6.36
2024-08-25,86,,,,740,,1760,,,,,,,,,,,,1000,,24,,25.3,1.90,,710,282,613,,6.41
2024-08-26,94,,,,739,,1500,,,,,,,,,,,,1000,,6.5,,27.9,0.46,,439,328,413,,6.22
2024-08-27,93,,,,580,,1720,,,,,,,,,,,,1000,,16,,31.4,0.17,,594,362,553,,6.40
2024-08-28,75,,,,720,,1970,,,,,,,,,,,,1000,,23,,38.3,0.35,,717,380,538,,6.37
2024-08-29,86,,,,678,,1490,,,,,,,,,,,,1000,,22,,59.9,1.76,,655,307,565,,6.27
2024-08-30,88,,,,708,,97.2,,,,,,,,,,,,1000,,17,,44.6,0.20,,742,152,655,,6.68
2024-08-31,78,,,,667,,1898,,,,,,,,,,,,1000,,27,,44.8,0.74,,993,142,769,,6.57
2024-09-01,83,,,,489,,1510,,,,,,,,,,,,1000,,17,,34,1.88,,640,117,531,,6.75
2024-09-02,85,,,,598,,1430,,,,,,,,,,,,1000,,36,,34.2,0.23,,852,121,726,,6.75
2024-09-03,87,,,,648,,1754,,,,,,,,,,,,1000,,33,,43.1,0.18,,745,292,650,,6.47
2024-09-04,87,,,,913,,2106,,,,,,,,,,24.8,,1000,,48,,41.2,1.06,107,1074,374,935,,6.33
2024-09-05,83,,,,795,,2408,,,,,,,,,,,,1000,,42,,33.6,1.14,,1052,371,875,,6.28
2024-09-06,85,,,,736,,1250,,,,,,,,,,,,1000,,44,,30.4,0.95,,1051,380,898,,6.22
2024-09-07,85,,,,787,,1140,,,,,,,,,,,,1000,,41,,30.7,1.05,,959,325,811,,6.29
2024-09-08,82,,,,725,,1340,,,,,,,,,,,,1000,,65,,41.2,4.84,,1383,347,1128,,6.28
2024-09-09,91,,,,657,,2234,,,,,,,,,,,,1000,,41,,38.4,0.50,,993,328,905,,6.34
2024-09-10,90,,,,682,,1968,,,,,,,,,,,,1000,,37,,40.6,0.42,,482,334,435,,6.24
2024-09-11,91,,,,757,,1560,,,,,,,,,,,,1000,,14,,36.2,0.89,,508,341,463,,6.63
2024-09-12,76,,,,778,,1172,,,,,,,,,,,,1000,,16,,42.8,2.63,,742,316,561,,5.89
2024-09-13,59,,,,232,,580,,,,,,,,,,,,1000,,5,,26,2.07,,315,101,187,,6.50
2024-09-14,94,,,,417,,832,,,,,,,,,,,,1000,,6,,28.6,0.30,,336,111,317,,6.34
2024-09-15,95,,,,571,,1040,,,,,,,,,,,,1000,,3,,24.5,0.60,,277,172,263,,6.40
2024-09-16,85,,,,264,,913,,,,,,,,,,,,1000,,2,,31.4,1.81,,232,40,196,,6.61
2024-09-17,91,,,,502,,1104,,,,,,,,,,,,1000,,4,,29.5,0.77,,327,105,298,,6.57
2024-09-18,90,,,,499,,759,,,,,,,,,,,,1000,,10,,36.1,0.55,,453,144,406,,6.45
2024-09-19,92,,,,644,,1402,,,,,,,,,,,,1000,,10,,29,0.36,,419,289,383,,6.17
2024-09-20,92,,,,687,,1536,,,,,,,,,,,,1000,,14,,30.4,1.26,,521,164,480,,6.19
2024-09-21,85,,,,392,,1586,,,,,,,,,,,,1000,,12,,29.9,0.79,,571,168,488,,6.43
2024-09-22,87,,,,467,,286,,,,,,,,,,,,1000,,20,,31.4,2.26,,644,322,562,,6.33
2024-09-23,85,,,,662,,1804,,,,,,,,,,,,1000,,19,,45.1,1.78,,675,341,571,,6.49
2024-09-24,95,,,,632,,1920,,,,,,,,,,,,1000,,22,,37.3,0.36,,694,347,658,,6.40
2024-09-25,87,,,,671,,1020,,,,,,,,,,,,1000,,18,,63.2,0.70,,713,444,622,,6.37
2024-09-26,85,,,,759,,753,,,,,,,,,,,,1000,,16,,29.1,0.28,,704,380,600,,6.30
2024-09-27,81,,,,1818,,1420,,,,,,,,,,,,1000,,20,,35.8,0.36,,687,304,558,,6.38
2024-09-28,77,,,,291,,718,,,,,,,,,,,,1000,,19,,28.9,1.91,,314,57,243,,6.51
2024-09-29,88,,,,200,,789,,,,,,,,,,,,1000,,4,,29.7,0.71,,282,73,247,,6.84
2024-09-30,90,,,,341,,3700,,,,,,,,,,,,1000,,6,,30.1,2.49,,361,99,325,,6.69
2024-10-01,91,,,,391,,660,,,,,,,,,,,,1000,,6.5,,33.9,2.20,,250,131,227,,6.40
2024-10-02,95,18.7,10/4/2024 13:26,<0.0100,769,<0.0020,1868,<0.0050,<0.0100,0.0537,<0.0060,<0.00020,EPA-245.1,0.0072,0.0165,,,,1000,<0.0100,13,Waypoint Analytical LLC.,37.6,1.14,,658,325,627,0.214,6.67
2024-10-03,96,,,,831,,1870,,,,,,,,,,,,1000,,12,,38.2,0.44,,458,343,442,,6.09
2024-10-04,96,,,,882,,670,,,,,,,,,,,,1000,,15,,37.9,0.78,,523,382,503,,6.10
2024-10-05,94,,,,693,,1388,,,,,,,,,,,,1000,,13,,37.7,1.68,,448,331,419,,6.79
2024-10-06,94,,,,432,,1026,,,,,,,,,,20.3,,1000,,2,,28.3,0.12,62.5,208,149,195,,6.28
2024-10-07,93,,,,759,,1544,,,,,,,,,,,,1000,,10,,34.3,0.05,,462,298,432,,6.57
2024-10-08,85,,,,935,,686,,,,,,,,,,,,1000,,10,,35.3,0.29,,465,331,396,,6.06
2024-10-09,89,,,,846,,1564,,,,,,,,,,,,1000,,7,,35.6,0.78,,386,346,344,,6.12
2024-10-10,89,,,,860,,750,,,,,,,,,,,,1000,,10,,32.4,0.34,,394,331,350,,6.43
2024-10-11,93,,,,809,,1572,,,,,,,,,,,,1000,,10,,30.2,0.66,,457,153,426,,6.73
2024-10-12,95,,,,728,,1430,,,,,,,,,,,,1000,,8,,35.2,0.86,,409,301,387,,6.71
2024-10-13,98,,,,761,,1540,,,,,,,,,,,,1000,,11,,36,3.32,,437,307,428,,6.44
2024-10-14,95,,,,761,,1412,,,,,,,,,,,,1000,,7,,30.3,0.32,,421,313,398,,6.30
2024-10-15,96,,,,741,,1518,,,,,,,,,,,,1000,,12,,48.9,1.74,,459,364,442,,6.24
2024-10-16,96,51.2,,,782,,1502,,,,,,,,,,,,1000,,12,,30.8,0.23,,437,322,419,,6.40
2024-10-17,96,55.4,,,712,,1620,,,,,,,,,,,,1000,,9,,28.1,1.52,,403,322,385,,6.56
2024-10-18,95,53.5,,,531,,1403,,,,,,,,,,,,1000,,9.5,,27.8,0.30,,333,277,318,,6.65
2024-10-19,94,54.3,,,640,,1532,,,,,,,,,,,,1000,,11,,28.8,1.47,,408,310,382,,6.68
2024-10-20,96,36.4,,,602,,1334,,,,,,,,,,,,1000,,10.5,,30.7,2.80,,411,304,393,,6.32
2024-10-21,92,34.5,,,682,,1436,,,,,,,,,,,,1000,,13,,26.7,0.78,,454,316,416,,6.25
2024-10-22,96,46.5,,,680,,1808,,,,,,,,,,,,1000,,11,,31.3,0.21,,469,177,452,,6.30
2024-10-23,95,37.9,,,701,,1572,,,,,,,,,,,,1000,,11,,34.6,0.37,,408,274,388,,6.17
2024-10-24,92,60.1,,,840,,1886,,,,,,,,,,,,1000,,15,,50.3,2.11,,617,355,568,,6.33
2024-10-25,94,42.5,,,746,,1260,,,,,,,,,,,,1000,,12,,35.9,0.47,,424,286,399,,6.08
2024-10-26,95,32.3,,,545,,1588,,,,,,,,,,,,1000,,9.5,,31.2,0.24,,421,155,402,,6.52
2024-10-27,94,41.6,,,494,,1856,,,,,,,,,,,,1000,,9,,25.1,0.75,,401,163,375,,6.27
2024-10-28,92,43.5,,,464,,1072,,,,,,,,,,,,1000,,7,,27.9,0.30,,328,167,302,,6.53
2024-10-29,92,57.7,,,434,,1118,,,,,,,,,,,,1000,,6.5,,26.8,1.45,,276,133,254,,6.81
2024-10-30,93,34,,,498,,1284,,,,,,,,,,,,1000,,8,,32.4,4.60,,316,128,293,,6.45
2024-10-31,90,33.7,,,455,,300,,,,,,,,,,,,1000,,10,,31.4,2.86,,315,114,282,,6.60
2024-11-01,89,,,,328,,680,,,,,,,,,,,,1000,,6,,25.6,3.65,,192,76,170,,6.64
2024-11-02,97,,,,396,,1170,,,,,,,,,,,,1000,,7,,27.4,1.97,,203,98,197,,6.35
2024-11-03,98,23.6,,,618,,800,,,,,,,,,,8.2,,1000,,6,,27.2,0.88,49.7,252,141,247,,6.09
2024-11-04,96,23.8,,,708,,1220,,,,,,,,,,,,1000,,7,,29,0.62,,269,268,259,,6.81
2024-11-05,92,20.2,,,718,,536,,,,,,,,,,,,1000,,7,,30.8,2.70,,369,131,340,,6.24
2024-11-06,66,13.7,11/12/2024 13:33,0.0162,367,<0.0020,660,0.0089,<0.0100,0.0516,0.0125,<0.00020,EPA-245.1,0.0092,0.0235,15.7,,,1000,<0.0100,9,Waypoint Analytical LLC.,33.1,0.36,,460,72,302,0.168,6.41
2024-11-07,82,19.4,,,730,,1050,,,,,,,,,,,,1000,,11,,31.1,0.12,,471,139,386,,6.21
2024-11-08,84,25.7,,,720,,123,,,,,,,,,,,,1000,,15,,30.8,1.88,,561,304,471,,6.03
2024-11-09,87,22.7,,,567,,1250,,,,,,,,,,,,1000,,10,,30,0.11,,457,177,399,,6.13
2024-11-10,90,27.4,,,556,,564,,,,,,,,,,,,1000,,8,,28.4,0.21,,485,268,438,,6.21
2024-11-11,88,58.1,,,522,,1220,,,,,,,,,,,,1000,,6,,38.7,2.81,,344,283,301,,6.51
2024-11-12,92,55.6,,,758,,1580,,,,,,,,,,,,1000,,11,,32.5,0.62,,527,271,484,,6.48
2024-11-13,83,27.8,,,534,,770,,,,,,,,,,,,1000,,17,,26.6,1.61,,518,268,430,,6.11
2024-11-14,94,17.4,,,502,,1580,,,,,,,,,,,,1000,,5,,29.8,0.55,,425,161,401,,6.07
2024-11-15,91,19.5,,,714,,1580,,,,,,,,,,,,1000,,20,,37.1,1.91,,692,322,629,,7.22
2024-11-16,89,30.6,,,692,,1300,,,,,,,,,,,,1000,,23,,28.3,0.42,,596,304,532,,6.26
2024-11-17,90,54.3,,,630,,576,,,,,,,,,,,,1000,,7,,26.1,2.32,,459,330,416,,6.48
2024-11-18,95,50.3,,,664,,1180,,,,,,,,,,,10978,1000,,9,,58.8,0.78,,516,360,490,,6.45
2024-11-19,89,,,,676,,1170,,,,,,,,,,,,1000,,16,,35.5,0.68,,569,271,506,,6.03
2024-11-20,92,21.8,,,665,,990,,,,,,,,,,,,1000,,25,,30.7,0.35,,707,137,649,,6.12
2024-11-21,93,25.5,,,751,,840,,,,,,,,,,,,1000,,23,,36.9,1.20,,664,163,618,,6.08
2024-11-22,91,35.8,,,727,,1200,,,,,,,,,,,,1000,,13,,38.2,1.06,,567,167,518,,6.38
2024-11-23,94,23.3,,,627,,580,,,,,,,,,,,,1000,,12,,38.2,1.47,,522,130,489,,6.21
2024-11-24,91,24.7,,,646,,1124,,,,,,,,,,,,1000,,10.5,,29.6,0.94,,399,271,363,,6.28
2024-11-25,92,50.9,,,534,,1514,,,,,,,,,,,,1000,,11,,33.3,2.56,,410,348,379,,6.50
2024-11-26,90.96385542,37.7,,,668,,2820,,,,,,,,,,,,1000,,10,,35.3,0.10,,166,342,151,,6.39
2024-11-27,94,43.6,,,737,,1252,,,,,,,,,,,,1000,,12,,30.7,0.57,,441,165,415,,6.50
2024-11-28,91,44.8,,,481,,1168,,,,,,,,,,,,1000,,4,,32.4,0.53,,378,155,346,,6.66
2024-11-29,98,32.1,,,500,,1050,,,,,,,,,,,,1000,,20,,33,0.43,,578,66,564,,6.70
2024-11-30,95,30.6,,,562,,1620,,,,,,,,,,,,1000,,13,,38.6,0.11,,464,98,440,,6.39
2024-12-01,96,27.5,,,641,,1530,,,,,,,,,,13.2,,1000,,14,,34.7,3.83,68.9,486,153,465,,6.18
2024-12-02,88,27.4,,,355,,1080,,,,,,,,,,,,1000,,7,,32.2,0.10,,337,161,296,,6.32
2024-12-03,89,47.5,,,638,,1506,,,,,,,,,,,,1000,,8,,31.3,1.37,,401,336,358,,6.24
2024-12-04,90,25.5,,,674,,1596,,,,,,,,,44.3,,,1000,,10,,55.4,2.67,,374,325,337,,6.58
2024-12-05,96,19.8,,,740,,950,,,,,,,,,,,,1000,,12,,37.5,2.19,,389,173,373,,6.60
2024-12-06,91,21.5,,,806,,1060,,,,,,,,,,,,1000,,11,,38.5,2.10,,431,274,392,,7.09
2024-12-07,91,30.9,,,838,,1150,,,,,,,,,,,,1000,,16,,35.7,0.87,,521,280,475,,6.14
2024-12-08,91,28,,,948,,1752,,,,,,,,,,,,1000,,10,,57.6,1.46,,481,298,437,,6.54
2024-12-09,85,23.1,,,508,,1042,,,,,,,,,,,,1000,,6,,42,1.45,,312,96,265,,6.24
2024-12-10,83,20.2,,,470,,1126,,,,,,,,,,,,1000,,9,,44.2,2.49,,368,112,303,,7.09
2024-12-11,96,33.6,,,534,,1472,,,,,,,,,,,,1000,,7.5,,44.1,1.77,,371,159,355,,6.53
2024-12-12,87,24.5,,,611,,860,,,,,,,,,,,,1000,,7.5,,36.6,0.97,,428,325,373,,6.38
2024-12-13,87,23.5,,,686,,4960,,,,,,,,,,,,1000,,8,,40.8,4.03,,457,301,396,,6.70
2024-12-14,90,44,,,745,,1510,,,,,,,,,,,,1000,,13,,37.2,1.14,,581,375,525,,6.10
2024-12-15,91,37.2,,,694,,1070,,,,,,,,,,,,1000,,8,,29,1.37,,438,298,397,,7.02
2024-12-16,93,21.5,1/7/2025 15:23,<0.0100,702,<0.0020,1220,<0.0050,<0.0100,0.0763,<0.0060,<0.00020,EPA-245.1,0.0106,0.0108,,,34523,1000,<0.0100,7 ,Waypoint Analytical LLC.,40.9,4.49,,349,166,324,0.196,7.39
2024-12-17,87,15.4,,,709,,780,,,,,,,,,,,,1000,,5,,35.3,0.44,,340,141,296,,7.35
2024-12-18,80,12.1,,,488,,1026,,,,,,,,,,,,1000,,6,,28.8,0.69,,327,131,262,,6.56
2024-12-19,88,15.5,,,802,,1150,,,,,,,,,,,,1000,,6,,41.9,0.25,,531,166,468,,6.01
2024-12-20,93,18.3,,,692,,1412,,,,,,,,,,,,1000,,10,,33.8,0.54,,373,129,345,,6.51
2024-12-21,98,19.3,,,453,,4552,,,,,,,,,,,,1000,,7,,37.3,0.87,,231,104,226,,6.08
2024-12-22,95,23.9,,,730,,1330,,,,,,,,,,,,1000,,10,,34.6,1.12,,446,127,424,,6.06
2024-12-23,95,53.9,,,700,,950,,,,,,,,,,,,1000,,8,,30.9,1.67,,420,161,397,,6.50
2024-12-24,91,28,,,693,,1542,,,,,,,,,,,,1000,,7,,38.7,0.38,,175,147,159,,6.15
2024-12-25,99,24.9,,,640,,272,,,,,,,,,,,,1000,,7.5,,33.4,4.80,,296,164,293,,6.07
2024-12-26,89,58.2,,,660,,1190,,,,,,,,,,,,1000,,8,,54.1,1.53,,491,344,438,,6.40
2024-12-27,98,18.9,,,340,,882,,,,,,,,,,,,1000,,4,,25.8,0.59,,384,92,375,,6.16
2024-12-28,81,18.8,,,436,,2280,,,,,,,,,,,,1000,,7,,32.5,2.21,,302,110,246,,6.12
2024-12-29,57,10.9,,,213,,540,,,,,,,,,,,,1000,,2,,26.2,2.45,,184,47,105,,6.43
2024-12-30,84,14.7,,,672,,600,,,,,,,,,,,41320,1000,,2,,28.8,0.63,,161,77,135,,6.21
2024-12-31,92,57.6,,,546,,1238,,,,,,,,,,,,1000,,5,,33.8,1.19,,212,153,194,,7.10
2025-01-01,87,74,,,635,,1092,,,,,,,,,,,,1000,,8,,41,2.57,,300,151,262,,7.37
2025-01-02,94,17.7,,,809,,1210,,,,,,,,,,,,1000,,11,,33.9,0.60,,419,159,393,,6.56
2025-01-03,96,25.4,,,862,,878,,,,,,,,,,,,1000,,11,,42.9,0.89,,449,96,429,,6.28
2025-01-04,92,25.4,,,726,,1580,,,,,,,,,,,,1000,,12,,61.9,0.44,,459,164,422,,6.49
2025-01-05,88,25.5,,,772,,1556,,,,,,,,,,,,1000,,10,,46.4,2.51,,457,180,403,,6.24
2025-01-06,84,34.4,,,479,,1166,,,,,,,,,,,,1000,,8,,29.2,3.20,,422,174,356,,6.43
2025-01-07,83,32.7,,,652,,1446,,,,,,,,,,,,1000,,7.5,,36.6,0.24,,417,279,347,,6.31
2025-01-08,95,25,1/14/2025 15:26,<0.0100,487,<0.0020,1186,<0.0050,<0.0100,0.0476,<0.0060,<0.00020,EPA-245.1,0.0121,0.0157,,,,1000,<0.0100,8,Waypoint Analytical LLC.,33.9,1.93,,289,139,275,0.424,6.24
2025-01-09,99,17.6,,,668,,1312,,,,,,,,,,,,1000,,8,,37.6,2.93,,291,147,289,,6.00
2025-01-10,89,15.2,,,590,,6150,,,,,,,,,,,,1000,,8.5,,32.8,0.65,,382,139,341,,6.31
2025-01-11,93,12.7,,,432,,940,,,,,,,,,,,,1000,,6.5,,31,1.55,,291,98,271,,6.33
2025-01-12,98,12.9,,,476,,948,,,,,,,,,,,,1000,,7.5,,27.1,1.15,,263,118,257,,6.19
2025-01-13,90,15.7,,,654,,2140,,,,,,,,,,,63570,1000,,8,,52.8,4.17,,335,168,302,,6.08
2025-01-14,91,46.1,,,773,,3610,,,,,,,,,,16.9,,1000,,6,,56.6,1.26,157,336,396,304,,7.15
2025-01-15,92,30.1,,,593,,3540,,,,,,,,,,,,1000,,8,,44.5,1.45,,373,285,343,,6.87
2025-01-16,92,47.5,,,667,,1170,,,,,,,,,,,,1000,,7,,49.8,0.45,,276,316,255,,6.51
2025-01-17,99,18.4,,,620,,1340,,,,,,,,,,,,1000,,3.5,,40.3,3.94,,216,182,213,,7.13
2025-01-18,100,16.9,,,648,,1382,,,,,,,,,,,,1000,,6,,39.2,1.28,,312,174,312,,6.54
2025-01-19,97,16.7,,,566,,1110,,,,,,,,,,,,1000,,10,,32.5,1.53,,381,174,370,,6.50
2025-01-20,92,20.4,,,619,,7620,,,,,,,,,,,,1000,,35,,51.8,0.21,,2902,125,2657,,6.14
2025-01-21,97,21.5,,,585,,1490,,,,,,,,,,,,1000,,7,,44,3.16,,305,149,295,,6.17
2025-01-22,95,48.7,,,636,,1060,,,,,,,,,,,,1000,,7,,34.2,4.95,,349,148,332,,7.17
2025-01-23,95,22.1,,,612,,1050,,,,,,,,,,,,1000,,9,,46.7,0.40,,375,146,356,,6.51
2025-01-24,96,38.6,,,764,,1550,,,,,,,,,,,,1000,,10,,52.9,1.50,,368,301,354,,7.37
2025-01-25,93,17,,,664,,1400,,,,,,,,,,,,1000,,15,,84.9,1.38,,363,152,338,,6.98
2025-01-26,99,16.3,,,595,,1296,,,,,,,,,,,,1000,,12,,52.9,3.92,,370,156,366,,5.61
2025-01-27,96,18.4,,,578,,960,,,,,,,,,,,68949,1000,,6,,53.3,2.33,,301,138,288,,6.74
2025-01-28,91,23.1,,,726,,1702,,,,,,,,,,,,1000,,11,,42.6,1.27,,395,289,358,,6.52
2025-01-29,95,63.2,,,836,,1788,,,,,,,,,,,,1000,,13,,46.6,1.31,,498,444,471,,6.25
2025-01-30,86,66.4,,,2049,,1896,,,,,,,,,,,,1000,,11,,40.2,0.85,,529,441,456,,6.32
2025-01-31,93,24.8,,,619,,1068,,,,,,,,,,,,1000,,8,,30,1.00,,349,117,325,,6.57
2025-02-01,93,18.3,,,539,,1340,,,,,,,,,,,,1000,,10,,46.1,0.16,,319,150,298,,6.98
2025-02-02,100,17.4,,,590,,1560,,,,,,,,,,9.35,,1000,,8.5,,32.3,2.04,37.8,294,148,293,,6.60
2025-02-03,97,16.6,,,527,,1020,,,,,,,,,,,,1000,,8,,32.5,0.48,,310,156,300,,7.45
2025-02-04,98,17.2,,,658,,1364,,,,,,,,,,,,1000,,7,,35.3,0.54,,279,138,273,,6.52
2025-02-05,97,17.2,,,773,,1473,,,,,,,,,,,,1000,,5.5,,41.7,0.67,,373,304,360,,6.71
2025-02-06,97,43.5,,,808,,1522,,,,,,,,,,,,1000,,12,,41.1,2.08,,432,324,421,,6.15
2025-02-07,92,47.5,,,1320,,1628,,,,,,,,,,,,1000,,11,,46.3,0.15,,344,272,315,,6.13
2025-02-08,98,23.5,,,785,,1588,,,,,,,,,,,,1000,,13,,38.1,0.58,,430,163,420,,6.50
2025-02-09,95,28.4,,,764,,1862,,,,,,,,,,,,1000,,12,,41.1,0.68,,444,301,424,,6.87
2025-02-10,92,22.6,,,803,,1660,,,,,,,,,,,,1000,,12,,49.8,1.30,,462,324,425,,6.73
2025-02-11,82,45.4,,,663,,1260,,,,,,,,,,,,1000,,15,,38.5,0.81,,551,277,450,,6.25
2025-02-12,83,19.1,,,466,,912,,,,,,,,,,,,1000,,7.5,,25.4,0.78,,323,167,267,,6.21
2025-02-13,95,30.4,,,442,,244,,,,,,,,,,,,1000,,13,,28.6,0.43,,466,136,441,,6.27
2025-02-14,95,17.2,,,631,,1308,,,,,,,,,,,,1000,,10,,35.3,0.15,,341,168,323,,6.46
2025-02-15,83,10.9,,,498,,934,,,,,,,,,,,,1000,,8.5,,26.9,4.64,,319,120,266,,6.18
2025-02-16,62,6.85,,,220,,449,,,,,,,,,,,,1000,,2,,18.2,2.22,,181,22,113,,6.39
2025-02-17,89,11.9,,,572,,770,,,,,,,,,,,,1000,,7,,28.5,3.63,,290,113,259,,6.12
2025-02-18,92,12.3,,,598,,880,,,,,,,,,,,,1000,,9.5,,26.9,1.08,,309,132,284,,6.10
2025-02-19,91,12,,,412,,500,,,,,,,,,,,,1000,,8.5,,24.6,0.57,,262,99,238,,6.33
2025-02-20,87,11.7,,,398,,470,,,,,,,,,,,,1000,,9,,22.9,1.43,,262,87,229,,6.34
2025-02-21,97,12.5,,,509,,770,,,,,,,,,,,,1000,,8,,35.5,2.14,,234,266,228,,6.46
2025-02-22,94,13.1,,,619,,1193,,,,,,,,,,,,1000,,8,,34.3,0.56,,269,171,253,,7.29
2025-02-23,93,13.9,,,542,,1368,,,,,,,,,,,,1000,,8,,27.1,2.64,,285,142,265,,6.04
2025-02-24,91,16,,,601,,1192,,,,,,,,,,,,1000,,10,,31.2,1.76,,339,269,307,,6.88
2025-02-25,92,13.8,,,878,,1472,,,,,,,,,,,,1000,,11,,39.2,0.82,,427,365,395,,6.86
2025-02-26,95,15.7,,,864,,1220,,,,,,,,,,,,1000,,11,,30.3,2.11,,428,307,405,,6.70
2025-02-27,89,18.5,,,961,,1130,,,,,,,,,,,,1000,,13,,43.7,0.50,,499,325,444,,6.50
2025-02-28,88,25.7,,,702,,1092,,,,,,,,,,,,1000,,10,,27.8,0.64,,393,167,346,,6.30
2025-03-01,92,49.2,,,621,,1358,,,,,,,,,,,,1000,,10,,32.3,2.05,,318,173,293,,6.34
2025-03-02,91,22.5,,,435,,1644,,,,,,,,,,10.4,,1000,,12,,29.9,2.30,60,458,378,417,,6.98
2025-03-03,92,32.7,,,981,,1808,,,,,,,,,,,,1000,,16,,38.8,1.25,,479,395,441,,6.53
2025-03-04,92,22.1,,,954,,1864,,,,,,,,,,,,1000,,14,,34.4,2.68,,543,348,498,,6.71
2025-03-05,83,20.6,,,656,,1226,,,,,,,,,,,,1000,,12,,36.3,2.89,,468,161,386,,6.16
2025-03-06,86,48.2,,,1098,,2210,,,,,,,,,,,,1000,,29,,32.4,2.52,,755,419,652,,6.06
2025-03-07,93,15.8,,,682,,1496,,,,,,,,,,,,1000,,9,,37.6,3.93,,322,274,300,,6.78
2025-03-08,94,17.1,,,698,,1712,,,,,,,,,,,,1000,,10,,40.3,0.88,,377,301,355,,6.88
2025-03-09,97,16.2,,,742,,1308,,,,,,,,,,,,1000,,9.5,,29.9,2.02,,397,322,384,,6.75
2025-03-10,98,,,,847,,572,,,,,,,,,,,,1000,,10,,34.7,2.60,,443,354,434,,6.87
2025-03-11,93,34.3,,,885,,1660,,,,,,,,,,,,1000,,16,,42.7,2.98,,354,339,329,,6.09
2025-03-12,98,23,3/19/2025 14:23,<0.0100,1012,<0.0020,2020,<0.0050,<0.0100,0.0525,<0.0060,<0.00020,EPA-245.1,0.0108,0.0175,,,,1000,<0.0100,15,Waypoint Analytical LLC.,40.4,1.02,,542,345,532,0.202,6.74
2025-03-13,97,27.8,,,975,,1590,,,,,,,,,,,,1000,,15,,29.3,0.27,,555,412,539,,6.71
2025-03-14,94,25.1,,,970,,1658,,,,,,,,,,,,1000,,13,,27.6,1.49,,504,372,474,,7.25
2025-03-15,90,12.1,,,767,,1446,,,,,,,,,,,,1000,,18,,19.4,3.27,,475,63,426,,6.61
2025-03-16,94,11.7,,,397,,890,,,,,,,,,,,,1000,,6.5,,20.2,1.45,,344,70,324,,6.17
2025-03-17,87,17.4,,,748,,1792,,,,,,,,,,,,1000,,11,,48.7,1.01,,346,304,300,,6.62
2025-03-18,89,45.8,,,860,,1716,,,,,,,,,,,,1000,,18,,36.2,2.52,,571,313,511,,6.09
2025-03-19,96,24.8,,,713,,1190,,,,,,,,,,,,1000,,12,,42.6,2.62,,361,271,346,,6.55
2025-03-20,93,22.1,,,678,,1280,,,,,,,,,,,,1000,,13,,10.2,1.52,,395,153,368,,6.63
2025-03-21,94,17.7,,,674,,1688,,,,,,,,,,,,1000,,20,,32.4,0.15,,336,173,318,,6.84
2025-03-22,94,16.9,,,630,,2084,,,,,,,,,,,,1000,,22,,33.5,0.58,,518,449,490,,6.53
2025-03-23,97,20.1,,,850,,1876,,,,,,,,,,,,1000,,13,,36.3,2.34,,428,413,415,,7.09
2025-03-24,93,18.1,,,784,,2170,,,,,,,,,,,26308,1000,,14,,48,2.03,,440,345,410,,6.73
2025-03-25,93,16.8,,,881,,1192,,,,,,,,,,,,1000,,15,,34.9,0.54,,459,310,427,,7.43
2025-03-26,94,18.8,,,849,,1332,,,,,,,,,,,,1000,,18,,38.2,0.29,,527,295,498,,6.78
2025-03-27,88,33.6,,,854,,1455,,,,,,,,,,,,1000,,22,,44.8,0.33,,612,384,539,,6.55
2025-03-28,89,19.8,,,946,,1270,,,,,,,,,,,,1000,,13,,40.4,1.97,,583,416,520,,6.73
2025-03-29,94,17.9,,,710,,1484,,,,,,,,,,,,1000,,8,,42.5,3.41,,366,292,345,,6.61
2025-03-30,92,21.6,,,671,,1424,,,,,,,,,,,,1000,,12,,42.7,0.80,,377,175,349,,6.07
2025-03-31,92,17.3,,,647,,1168,,,,,,,,,,,,1000,,12,,35.3,2.99,,383,165,351,,6.01
2025-04-01,89,,,,788,,1556,,,,,,,,,,11.3,,1000,,16,,26.9,1.54,51.5,523,167,467,,6.93
2025-04-02,92,21.2,,,829,,1616,,,,,,,,,,,,1000,,16,,43,0.18,,545,372,503,,6.62
2025-04-03,57.10382514,15.5,,,302,,508,,,,,,,,,,,,1000,,6,,31.1,1.77,,366,66,209,,6.59
2025-04-04,61.96581197,9.65,,,277,,450,,,,,,,,,,,,1000,,3,,17.9,1.49,,234,49,145,,6.35
2025-04-05,70,13.5,,,384,,923,,,,,,,,,,,,1000,,7,,17,1.41,,390,55,274,,6.40
2025-04-06,88,8.9,,,200,,307,,,,,,,,,,,,1000,,2,,12,0.00,,213,15,189,,6.58
2025-04-07,85,9.9,,,320,,690,,,,,,,,,,,,1000,,4.5,,26.6,1.42,,212,78,179,,6.28
2025-04-08,96,11.8,,,447,,844,,,,,,,,,,,,1000,,5.5,,31.9,0.00,,264,108,253,,6.04
2025-04-09,92,16.4,4/14/2025 15:31,<0.0100,347,<0.0020,734,<0.0050,<0.0100,0.0311,<0.0060,<0.00020,EPA-245.1,0.0054,0.0166,,,,1000,<0.0100,5,Waypoint Analytical LLC.,25.9,0.33,,154,92,142,0.104,6.36
2025-04-10,92,15.9,,,656,,1250,,,,,,,,,,,,1000,,4,,37.3,0.18,,279,157,257,,6.62
2025-04-11,92,18.5,,,594,,1172,,,,,,,,,,,,1000,,7,,34.6,0.00,,306,173,281,,6.06
2025-04-12,97,22.5,,,621,,1708,,,,,,,,,,,,1000,,6,,35.3,2.14,,351,175,340,,6.44
2025-04-13,92,37.1,,,654,,820,,,,,,,,,,,,1000,,13,,35.1,2.77,,422,137,388,,6.37
2025-04-14,90,40.8,,,838,,1480,,,,,,,,,,,,1000,,22,,41.1,3.54,,565,345,506,,6.22
2025-04-15,82,38.5,,,726,,1520,,,,,,,,,,,,1000,,38,,37.1,1.85,,696,143,573,,6.46
2025-04-16,92,31.4,,,574,,1140,,,,,,,,,,,,1000,,16,,31.8,0.54,,530,147,489,,6.32
2025-04-17,95,23.2,,,714,,2050,,,,,,,,,,,,1000,,7,,42.3,0.23,,441,163,421,,6.01
2025-04-18,86,30.2,,,642,,1480,,,,,,,,,,,,1000,,21,,32.3,1.00,,499,175,428,,6.26
2025-04-19,95,21.5,,,711,,1328,,,,,,,,,,,,1000,,15,,30,3.02,,496,167,469,,6.68
2025-04-20,88,39,,,706,,1936,,,,,,,,,,,,1000,,25,,30.4,0.66,,613,173,538,,6.34
2025-04-21,86,32.6,,,664,,1832,,,,,,,,,,,,1000,,32,,38,2.31,,694,274,596,,6.31
2025-04-22,85,22.2,,,631,,1468,,,,,,,,,,,,1000,,12,,32.3,0.69,,436,280,372,,6.15
2025-04-23,99,29.1,,,649,,1367,,,,,,,,,,,,1000,,10,,40,0.27,,373,313,368,,6.04
2025-04-24,90,28.7,,,714,,1479,,,,,,,,,,,,1000,,10,,28.7,0.49,,508,271,456,,6.16
2025-04-25,86,23.8,,,742,,759,,,,,,,,,,,,1000,,16,,36,1.78,,505,286,437,,8.50
2025-04-26,86,34,,,724,,,,,,,,,,,,,,1000,,25,,31.2,1.22,,617,171,532,,6.21
2025-04-27,86,19.8,,,649,,1090,,,,,,,,,,,,1000,,10,,35.4,0.27,,497,280,429,,6.82
2025-04-28,82,26.7,,,342,,572,,,,,,,,,,,,1000,,7,,36.1,1.97,,305,78,250,,6.50
2025-04-29,79,34.5,,,472,,958,,,,,,,,,,,,1000,,18,,25.6,0.77,,607,141,478,,6.50
2025-04-30,77,33,,,500,,1124,,,,,,,,,,,,1000,,15,,46.1,1.20,,460,155,355,,6.67
2025-05-01,83,26.6,,,423,,1060,,,,,,,,,,8.3,,1000,,11,,26.1,1.00,45.7,400,122,332,,6.44
2025-05-02,88,24.5,,,525,,1204,,,,,,,,,,,,1000,,12,,53.7,1.57,,508,271,447,,6.17
2025-05-03,77,17.3,,,384,,662,,,,,,,,,,,,1000,,7,,29.2,1.56,,352,108,272,,6.05
2025-05-04,87,22.1,,,558,,1148,,,,,,,,,,,,1000,,15,,35.1,1.78,,420,268,363,,6.07
2025-05-05,92,25.4,,,663,,1444,,,,,,,,,,,,1000,,13,,31.9,1.82,,412,277,381,,6.61
2025-05-06,93,,,,637,,1600,,,,,,,,,,,,1000,,10,,,2.00,,351,,327,,6.88
2025-05-07,92,19.2,,,663,,1498,,,,,,,,,,,,1000,,10,,48.4,1.03,,388,163,357,,6.50
2025-05-08,91,20.1,,,769,,1408,,,,,,,,,,,,1000,,12,,40.8,1.10,,455,173,413,,6.90
2025-05-09,91,24.1,,,612,,1734,,,,,,,,,,,,1000,,12,,30.9,0.14,,347,145,317,,6.12
2025-05-10,90,50.5,,,656,,1563,,,,,,,,,,,,1000,,15,,36.9,1.04,,434,27,390,,6.63
2025-05-11,88,24.1,,,718,,1404,,,,,,,,,,,,1000,,16,,39.8,1.59,,551,328,486,,6.73
2025-05-12,80,17.6,,,472,,854,,,,,,,,,,,,1000,,8.5,,35.6,0.42,,380,137,304,,6.10
2025-05-13,81,16.8,,,607,,828,,,,,,,,,,,,1000,,8,,38.2,0.43,,353,169,287,,6.05
2025-05-14,91,23.2,5/15/2025 14:51,<0.0100,518,<0.0020,975,0.0084,<0.0100,0.0714,<0.0060,<0.00020,EPA-245.1,0.0136,0.0141,,,,1000,<0.0100,10,Waypoint Analytical LLC.,40.5,1.44,,418,145,379,0.364,6.35
2025-05-15,86,20.5,,,679,,1636,,,,,,,,,,,,1000,,14,,34.7,1.86,,484,316,416,,6.15
2025-05-16,99,17.9,,,573,,1025,,,,,,,,,,,,1000,,10,,38.8,0.59,,342,137,340,,6.03
2025-05-17,96,18.1,,,670,,1884,,,,,,,,,,,,1000,,10,,38.9,3.73,,402,268,388,,6.75
2025-05-18,92,18,,,586,,1314,,,,,,,,,,,,1000,,11,,26.7,0.12,,335,161,308,,6.82
2025-05-19,68,19.3,,,380,,1493,,,,,,,,,,,,1000,,7,,36.2,0.00,,299,65,205,,6.36
2025-05-20,80,12.2,,,408,,880,,,,,,,,,,,,1000,,6.5,,26,3.37,,283,82,227,,6.51
2025-05-21,92,15.8,,,381,,882,,,,,,,,,,,,1000,,9,,27.4,3.10,,275,98,253,,6.27
2025-05-22,97,,,,502,,1275,,,,,,,,,,,,1000,,9,,,2.07,,307,,297,,6.15
2025-05-23,99,,,,537,,,,,,,,,,,,,,1000,,9,,,0.83,,301,,297,,6.18
2025-05-24,71,,,,257,,1343,,,,,,,,,,,,1000,,5,,,0.94,,160,,113,,6.60
2025-05-25,76,,,,200,,1343,,,,,,,,,,,,1000,,2,,,2.22,,113,,86,,6.90
2025-05-26,69,,,,,,1037,,,,,,,,,,,,1000,,4,,,3.86,,117,,81,,
2025-05-27,96,,,,,,171,,,,,,,,,,,,1000,,4,,,3.19,,95,,91,,
2025-05-28,94,,,,,,765,,,,,,,,,,,,1000,,7,,,1.23,,285,,268,,
2025-05-29,95,,,,,,,,,,,,,,,,,,1000,,10,,,1.50,,263,,250,,
2025-05-30,,,,,,,,,,,,,,,,,,,1000,,10,,,,,,,,,
2025-05-31,,,,,,,,,,,,,,,,,,,1000,,15,,,,,,,,,
2025-06-01,,,,,,,,,,,,,,,,,,,1000,,15,,,,,,,,,
