SampledDate,% Solids (Generated Monthly-MOR),% VOL. RED.,Cake Dry Tons/Day,Dissolved O2 - North,"Dissolved Oxygen, Effluent","Dissolved Oxygen, Influent","Flow(MAX), Influent","Flow, Effluent","Flow, Influent",Hours Bypassed,Peracetic Acid,Qty Wet Sludge Disposed,Qty Wet Sludge Generated,Rainfall,Temperature - DIG.SDG.,Temperature - Effluent,Temperature - Influent,Temperature - North,Volatile Solids Reduction Waste Sludge to Disposal,Weight of Sludge(Dry) Disposed,Weight of Sludge(Dry) Generated,Wet Cake,pH - Effluent (Max),pH - Effluent (Min),pH - Influent
2024-06-01,0.00,,,0.80,0.50,0.80,129.60,,100.30,0.00,0.00,0.00,0.00,0.34,21.70,24.60,24.18,24.90,0.00,0.00,0.00,,7.41,7.14,6.34
2024-06-02,,,,0.40,1.30,0.40,94.60,,87.20,0.00,0.00,,,0.00,21.70,26.20,24.30,26.30,,,,,7.30,7.13,6.30
2024-06-03,,,,0.70,3.70,0.60,,0.00,96.00,0.00,0.00,,,83.70,21.70,25.90,24.80,26.70,,,,,7.16,7.04,6.29
2024-06-04,,,,1.30,3.10,0.40,94.80,,79.70,0.00,0.06,,,0.04,21.70,25.50,24.80,26.30,,,,,7.01,6.78,5.79
2024-06-05,,,,4.40,4.30,0.40,101.00,,81.10,0.00,0.09,,,0.09,21.70,25.30,25.10,26.40,,,,,7.03,6.92,6.14
2024-06-06,,,,3.20,3.60,0.40,97.50,,80.10,0.00,0.01,,,0.01,21.70,26.10,25.60,26.80,,,,,7.24,6.97,6.27
2024-06-07,,,,5.00,4.40,0.70,85.80,,78.60,0.00,0.00,,,0.00,21.70,26.10,24.70,26.90,,,,,7.31,7.04,5.93
2024-06-08,,,,6.00,3.72,0.21,89.40,,76.60,0.00,0.00,,,0.03,21.70,24.90,24.40,25.10,,,,,7.07,7.04,6.06
2024-06-09,,,,2.20,3.85,0.60,92.70,,75.70,0.00,0.00,,,0.03,21.70,27.10,25.60,7.10,,,,,7.11,7.05,6.16
2024-06-10,,,,1.00,3.18,0.20,95.50,,75.80,0.00,0.00,,,T,21.70,26.20,25.30,26.70,,,,,7.11,7.02,6.18
2024-06-11,,,,1.50,1.80,0.30,92.50,,76.50,0.00,0.00,,,0.00,21.70,25.80,25.10,26.70,,,,,7.16,7.02,6.04
2024-06-12,,,,1.00,2.60,0.30,84.40,,74.60,0.00,0.00,,,0.00,21.70,25.40,24.60,27.00,,,,,7.15,7.05,6.17
2024-06-13,,,,2.60,1.40,0.30,84.00,,73.30,0.00,0.04,,,0.00,21.70,26.00,25.40,26.60,,,,,7.06,6.89,5.97
2024-06-14,,,,5.50,5.10,0.60,81.80,,71.40,0.00,0.02,,,0.00,21.70,26.30,25.20,26.90,,,,,7.13,6.95,6.22
2024-06-15,,,,6.20,4.00,0.60,84.30,,72.40,0.00,0.07,,,0.00,21.70,26.60,25.20,26.70,,,,,7.08,7.05,5.70
2024-06-16,,,,3.10,4.16,0.56,82.50,,71.40,0.00,0.00,,,0.00,21.70,27.80,26.00,26.70,,,,,7.20,7.10,6.63
2024-06-17,,,,4.60,4.30,1.30,160.40,,84.10,0.00,0.25,,,1.44,21.70,26.30,25.40,27.40,,,,,7.14,7.03,6.11
2024-06-18,,,,2.20,0.10,0.60,154.10,,95.30,0.00,0.00,,,T,21.70,25.60,25.10,26.00,,,,,7.07,6.70,5.53
2024-06-19,,,,1.50,2.00,1.67,101.90,,80.20,0.00,0.08,,,0.00,21.70,25.60,24.80,27.60,,,,,6.93,6.75,5.95
2024-06-20,,,,3.20,3.00,0.30,104.30,,81.60,0.00,0.00,,,0.00,21.70,26.60,26.10,27.00,,,,,6.95,6.87,6.15
2024-06-21,,,,3.90,1.80,0.90,108.70,,76.00,0.00,0.00,,,0.00,21.70,27.10,26.40,28.60,,,,,7.00,6.84,6.13
2024-06-22,,,,1.70,2.30,0.50,91.70,,74.80,0.00,0.00,,,0.00,21.70,27.40,26.10,28.20,,,,,7.04,6.99,6.20
2024-06-23,,,,1.90,3.80,0.67,94.10,,73.70,0.00,0.00,,,0.00,21.70,27.40,26.30,28.10,,,,,7.09,7.00,6.20
2024-06-24,,,,1.20,2.70,0.80,102.40,,77.40,0.00,0.00,,,0.00,21.70,27.90,26.70,28.30,,,,,7.14,6.98,6.05
2024-06-25,,,,0.90,2.20,0.70,111.10,,81.10,0.00,0.00,,,0.00,21.70,28.10,27.60,27.90,,,,,7.06,6.80,6.04
2024-06-26,,,,0.70,6.20,0.40,108.80,,84.40,0.00,0.00,,,0.73,21.70,27.50,26.50,27.70,,,,,7.08,6.95,6.11
2024-06-27,,,,0.70,5.00,0.20,102.60,,78.80,0.00,0.00,,,0.00,21.70,26.30,26.00,27.40,,,,,7.03,6.91,6.02
2024-06-28,,,,1.10,7.20,0.30,84.80,,76.50,0.00,0.00,,,0.00,21.70,26.20,25.60,27.50,,,,,6.99,6.88,6.36
2024-06-29,,,,1.10,0.10,0.50,89.90,,73.30,0.00,0.00,,,0.00,21.70,27.90,26.60,27.90,,,,,7.15,7.00,5.90
2024-06-30,,,,1.10,6.10,0.80,79.50,,72.10,0.00,0.00,,,0.00,21.70,28.70,27.40,28.80,,,,,7.17,7.05,6.00
2024-07-01,0.00,,,3.40,6.80,0.26,102.9,,78.10,0.00,0.00,0.00,0.00,0.00,21.70,27.70,27.00,27.80,0.00,0.00,0.00,,7.15,6.49,6.49
2024-07-02,,,,2.20,6.70,0.47,85.20,,75.40,0.00,0.00,,,0.00,21.70,27.20,26.20,25.20,,,,,6.96,6.90,5.94
2024-07-03,,,,0.90,7.08,0.28,81.60,,75.20,0.00,0.00,,,0.00,21.70,26.60,26.40,28.30,,,,,7.10,6.89,5.96
2024-07-04,,,,1.00,6.82,0.25,92.40,,74.20,0.00,0.00,,,0.00,21.70,26.80,26.20,28.30,,,,,7.12,6.97,6.14
2024-07-05,,,,1.10,6.84,0.36,86.00,,76.90,0.00,0.00,,,0.24,21.70,26.00,26.70,28.20,,,,,7.01,6.98,6.10
2024-07-06,,,,1.10,7.00,0.24,91.50,,73.50,0.00,0.00,,,0.00,21.70,26.50,25.70,28.20,,,,,7.12,7.00,6.23
2024-07-07,,21.70,,1.30,5.80,0.50,82.70,,72.20,0.00,0.00,,,0.00,,28.10,26.50,27.90,,,,,7.13,7.05,6.25
2024-07-08,,,,1.00,4.80,0.30,87.80,,78.00,0.00,0.00,,,0.25,21.70,27.00,27.00,28.20,,,,,7.10,7.01,6.17
2024-07-09,,,,5.70,6.80,0.25,106.60,,92.30,0.00,0.00,,,0.10,21.70,26.90,26.00,27.10,,,,,7.11,6.97,6.07
2024-07-10,,,,1.10,6.40,0.25,90.90,,79.00,0.00,0.00,,,0.00,21.70,26.50,25.80,27.90,,,,,7.06,7.02,6.21
2024-07-11,,,,1.20,6.60,0.30,84.70,,75.80,0.00,0.00,,,0.00,21.70,27.70,26.30,28.10,,,,,7.10,7.01,5.98
2024-07-12,,,,1.20,7.17,0.18,84.90,,78.40,0.00,0.00,,,0.00,21.70,27.50,26.70,29.40,,,,,7.06,7.01,5.96
2024-07-13,,,,0.70,6.40,0.35,86.50,,77.30,0.00,0.00,,,0.00,21.70,27.40,26.50,28.50,,,,,7.07,7.00,6.00
2024-07-14,,,,0.80,6.00,0.50,84.30,,72.80,0.00,0.00,,,0.00,21.70,29.00,27.20,27.80,,,,,7.09,7.05,6.10
2024-07-15,,,,0.90,7.00,0.18,100.00,,81.30,0.00,0.00,,,0.00,21.70,27.60,27.20,28.10,,,,,6.98,6.89,6.00
2024-07-16,,,,0.30,6.40,0.24,102.30,,81.00,0.00,0.00,,,0.00,21.70,27.40,26.90,28.90,,,,,7.07,6.97,5.98
2024-07-17,,,,0.50,6.80,0.23,95.10,,80.10,0.00,0.02,,,0.19,21.70,26.70,26.70,28.60,,,,,7.04,6.96,6.32
2024-07-18,,,,0.30,6.15,0.28,145.20,,112.10,0.00,0.07,,,1.45,21.70,25.90,25.50,28.20,,,,,7.01,6.80,6.04
2024-07-19,,,,0.90,7.38,0.20,93.20,,82.30,0.00,0.00,,, 0.00,21.70,25.50,26.10,28.00,,,,,6.97,6.77,6.14
2024-07-20,,,,0.50,6.20,0.31,92.80,,82.00,0.00,0.00,,,T,21.70,26.60,26.00,27.20,,,,,7.10,6.93,5.87
2024-07-21,,,,0.60,1.00,0.60,88.80,,79.20,0.00,0.00,,,0.00,21.70,27.90,27.20,28.60,,,,,7.20,7.09,5.90
2024-07-22,,,,0.60,6.30,0.28,87.50,,79.20,0.00,0.00,,,T,21.70,27.10,26.50,27.30,,,,,6.99,6.91,6.30
2024-07-23,,,,0.80,6.90,0.09,99.40,,86.70,0.00,0.03,,,0.31,21.70,27.10,26.50,28.90,,,,,7.14,7.10,6.13
2024-07-24,,,,2.80,6.90,0.27,94.70,,85.90,0.00,0.02,,,0.00,21.70,26.20,25.60,26.70,,,,,7.02,6.80,6.26
2024-07-25,,,,3.80,6.30,0.50,143.30,,110.00,0.00,0.00,,,1.42,21.70,25.30,25.20,26.20,,,,,6.98,6.80,5.97
2024-07-26,,,,2.60,0.14,0.17,132.30,,95.80,0.00,0.00,,,0.25,21.70,25.60,25.30,27.80,,,,,6.93,6.78,6.00
2024-07-27,,,,2.40,7.60,0.18,124.00,,98.30,0.00,0.00,,,0.50,21.70,26.10,25.30,28.20,,,,,7.00,6.81,6.00
2024-07-28,,,,2.60,7.70,0.60,120.20,,90.30,0.00,0.46,,,0.18,21.70,27.30,26.80,28.40,,,,,7.01,6.90,6.10
2024-07-29,,,,2.00,7.40,0.60,106.40,,89.40,0.00,0.00,,,0.00,21.70,27.60,26.90,28.10,,,,,7.50,6.70,6.49
2024-07-30,,,,4.90,7.70,0.20,94.90,,81.00,0.00,0.08,,,0.00,21.70,26.10,25.70,28.00,,,,,6.97,6.74,6.41
2024-07-31,,,,5.20,7.80,0.14,97.10,,79.00,0.00,0.00,,,0.00,21.70,27.30,26.50,28.50,,,,,6.95,6.90,6.45
2024-08-01,0.00,,,5.70,8.51,0.12,87.60,,72.20,0.00,0.00,0.00,0.00,0.00,21.70,26.60,26.50,28.20,0.00,0.00,0.00,,7.03,6.93,6.50
2024-08-02,,,,6.00,8.04,0.19,69.00,,60.40,0.00,0.00,,,0.00,21.70,26.20,26.30,27.50,,,,,7.14,7.04,6.24
2024-08-03,,,,5.10,8.10,0.84,66.80,,54.80,0.00,0.00,,,0.00,21.70,26.60,26.50,28.40,,,,,7.09,7.00,6.40
2024-08-04,,,,2.50,8.70,1.30,67.60,,56.80,0.00,0.00,,,0.00,21.70,28.90,27.00,28.80,,,,,7.04,6.72,6.08
2024-08-05,,,,1.50,7.30,0.50,67.00,,58.90,0.00,0.05,,,0.00,21.70,27.60,26.70,28.80,,,,,7.03,6.94,6.12
2024-08-06,,,,0.80,7.50,1.10,70.00,,58.70,0.00,0.00,,,0.00,21.70,27.50,27.20,29.30,,,,,7.05,7.07,5.98
2024-08-07,,,,0.30,6.70,1.03,65.10,,54.30,0.00,0.00,,,0.00,21.70,27.00,26.40,28.40,,,,,6.99,6.80,5.94
2024-08-08,,,,0.30,7.20,0.40,70.80,,62.60,0.00,0.00,,,0.00,21.70,26.00,26.20,28.00,,,,,7.05,6.76,6.28
2024-08-09,,,,0.70,7.30,0.60,75.50,,63.00,0.00,0.55,,,0.00,21.60,26.30,26.50,28.60,,,,,7.14,7.07,6.09
2024-08-10,,,,1.40,8.00,0.65,69.40,,58.20,0.00,0.00,,,0.00,21.70,26.10,26.20,28.10,,,,,7.13,7.09,6.10
2024-08-11,,,,1.30,6.20,0.70,79.80,,59.50,0.00,0.03,,,0.00,21.70,27.40,26.80,28.10,,,,,7.29,7.14,6.10
2024-08-12,,,,0.80,4.60,0.45,70.70,,60.60,0.00,0.00,,,T,21.70,26.70,26.30,28.20,,,,,7.18,6.93,6.15
2024-08-13,,,,2.50,5.70,0.14,68.20,,61.10,0.00,0.00,,,0.00,21.70,27.20,26.60,26.10,,,,,7.13,7.06,6.26
2024-08-14,,,,7.20,7.30,0.30,79.30,,64.40,0.00,0.00,,,0.19,21.70,27.00,26.40,27.00,,,,,7.10,7.03,6.23
2024-08-15,,,,2.60,6.10,0.50,81.40,,63.10,0.00,0.18,,,0.00,21.70,27.30,27.00,27.20,,,,,7.05,7.01,6.10
2024-08-16,,,,0.90,7.28,0.20,68.30,,61.90,0.00,0.00,,,0.00,21.70,27.20,26.50,28.70,,,,,7.08,7.00,6.01
2024-08-17,,,,0.50,6.30,0.20,66.80,,60.00,0.00,0.00,,,0.01,21.70,28.30,26.70,28.80,,,,,7.12,7.04,6.13
2024-08-18,,,,2.60,6.50,0.45,70.60,,59.20,0.00,0.22,,,0.00,21.70,28.70,27.80,29.00,,,,,7.15,6.94,6.20
2024-08-19,,,,3.50,6.70,0.60,68.00,,60.30,0.0,0.00,,,0.00,21.70,27.50,26.80,28.30,,,,,7.01,6.90,6.12
2024-08-20,,,,2.60,7.50,0.22,68.10,,61.20,0.00,0.00,,,0.00,21.70,25.60,25.50,28.30,,,,,7.02,6.94,6.15
2024-08-21,,,,2.90,7.80,0.14,68.20,,57.50,0.00,0.00,,,0.00,21.70,26.10,27.10,28.30,,,,,7.10,6.80,6.17
2024-08-22,,,,3.70,7.10,0.28,63.10,,55.90,0.00,0.00,,,0.00,21.70,26.30,26.30,28.20,,,,,7.18,7.13,6.09
2024-08-23,,,,1.80,7.20,0.27,62.70,,57.40,0.00,0.00,,,0.00,21.70,26.10,26.10,29.40,,,,,7.11,6.84,6.00
2024-08-24,,,,0.70,7.10,0.23,73.40,,59.30,0.00,0.00,,,0.00,21.70,27.70,27.00,28.40,,,,,7.18,7.01,6.10
2024-08-25,,,,0.40,5.50,0.40,67.00,,55.70,0.00,0.00,,,0.00,21.70,27.80,26.70,28.70,,,,,7.19,7.02,6.05
2024-08-26,,,,3.00,5.30,0.40,61.80,,55.20,0.00,0.00,,,0.00,21.70,27.30,26.60,28.90,,,,,7.12,6.94,5.91
2024-08-27,,,,2.20,5.90,0.50,83.50,,62.20,0.00,0.00,,,0.00,21.70,27.10,27.20,28.80,,,,,7.05,6.97,6.13
2024-08-28,,,,0.60,6.10,0.20,78.00,,60.00,0.00,0.00,,,0.00,21.70,27.90,27.00,29.30,,,,,7.13,7.06,6.09
2024-08-29,,,,1.90,5.40,0.30,63.50,,58.70,0.00,0.00,,,0.02,21.70,27.30,27.30,29.20,,,,,7.20,7.03,6.14
2024-08-30,,,,5.60,7.50,0.20,82.30,,60.50,0.00,0.00,,,0.00,21.70,27.00,26.40,29.00,,,,,7.22,7.11,6.46
2024-08-31,,,,4.60,7.74,0.18,88.70,,67.60,0.00,0.00,,,0.00,21.70,25.90,26.50,28.50,,,,,7.08,6.40,6.23
2024-09-01,0.00,,,4.30,5.50,0.50,75.40,,59.20,0.00,0.00,0.00,0.00,0.23,21.70,26.60,24.30,28.70,0.00,0.00,0.00,,7.07,7.00,6.39
2024-09-02,,,,4.50,6.70,0.40,71.20,,60.80,0.00,0.00,,,0.00,21.70,27.20,26.30,28.40,,,,,7.11,7.04,6.23
2024-09-03,,,,2.00,8.10,0.55,66.50,,60.00,0.00,0.00,,,0.00,21.70,27.10,25.90,28.00,,,,,7.07,7.06,6.14
2024-09-04,,,,1.90,7.90,0.35,64.60,,54.50,0.00,0.00,,,0.10,21.70,24.70,25.60,28.80,,,,,7.13,7.00,6.10
2024-09-05,,,,2.30,7.80,0.20,70.30,,59.20,0.00,0.00,,,0.00,21.70,26.30,26.30,28.90,,,,,7.10,7.05,5.98
2024-09-06,,,,0.50,7.28,0.35,64.10,,58.00,0.00,0.00,,,0.22,21.70,25.40,25.90,28.90,,,,,7.15,7.05,5.90
2024-09-07,,,,1.00,7.20,0.48,66.00,,59.80,0.00,0.00,,,0.00,21.70,25.30,26.00,28.00,,,,,7.02,6.96,5.80
2024-09-08,,,,2.60,7.20,0.48,75.40,,57.60,0.00,0.00,,,0.00,21.70,26.10,26.00,27.70,,,,,7.08,6.94,5.80
2024-09-09,,,,0.40,8.20,0.33,85.40,,60.30,0.00,0.00,,,0.00,21.70,25.20,25.10,27.20,,,,,7.07,6.98,5.86
2024-09-10,,,,0.30,7.19,0.23,73.90,,56.60,0.00,0.00,,,0.00,21.70,25.40,26.20,27.80,,,,,7.15,7.08,5.91
2024-09-11,,,,0.40,8.50,0.50,68.10,,53.80,0.00,0.00,,,0.00,21.70,25.60,25.60,28.20,,,,,7.05,6.91,5.66
2024-09-12,,,,2.50,8.50,0.70,158.10,,97.80,0.00,0.00,,,4.22,21.70,24.50,24.00,28.10,,,,,7.01,6.86,5.41
2024-09-13,,,,4.00,4.30,1.90,150.30,,110.70,0.00,0.00,,,0.59,21.70,22.00,22.50,24.30,,,,,6.78,6.44,5.91
2024-09-14,,,,5.80,8.63,2.40,112.20,,80.20,0.00,0.00,,,0.01,21.70,22.80,23.70,26.00,,,,,6.70,6.68,5.90
2024-09-15,,,,2.30,8.70,0.90,158.90,,81.70,0.00,0.00,,,0.00,21.70,25.10,25.30,27.10,,,,,7.01,6.83,6.00
2024-09-16,,,,0.50,7.40,2.90,155.40,,109.80,0.00,0.00,,,T,21.70,24.40,24.50,25.70,,,,,6.95,6.11,6.25
2024-09-17,,,,3.30,8.70,0.60,83.80,,71.80,0.00,0.01,,,0.00,21.70,24.40,24.70,27.30,,,,,7.00,6.72,6.30
2024-09-18,,,,4.70,8.50,0.20,77.80,,70.00,0.00,0.01,,,0.00,21.70,25.90,25.10,27.00,,,,,7.18,7.01,6.19
2024-09-19,,,,0.90,7.30,0.70,70.00,,63.60,0.00,0.00,,,0.00,21.70,27.00,26.30,27.90,,,,,7.10,7.00,5.94
2024-09-20,,,,1.40,8.80,0.50,74.60,,62.90,0.00,0.00,,,0.00,21.70,25.00,24.90,28.60,,,,,7.12,7.04,5.91
2024-09-21,,,,0.50,8.20,0.70,75.70,,64.40,0.00,0.00,,,0.00,21.70,27.90,26.10,28.70,,,,,7.11,7.01,6.10
2024-09-22,,,,0.30,6.50,0.50,77.20,,65.30,0.00,0.00,,,0.00,21.70,27.10,26.60,28.30,,,,,7.22,7.07,6.01
2024-09-23,,,,0.40,6.30,0.30,72.70,,65.30,0.00,0.00,,,0.24,21.70,26.40,26.60,28.50,,,,,7.26,7.04,6.19
2024-09-24,,,,0.30,7.10,0.40,73.60,,65.4,0.00,0.00,,,T,21.70,25.30,25.70,28.40,,,,,7.24,7.04,6.00
2024-09-25,,,,0.40,7.20,0.87,78.70,,65.40,0.00,0.00,,,T,21.70,24.90,25.40,28.00,,,,,7.15,7.04,5.95
2024-09-26,,,,1.00,7.60,1.00,77.30,,63.30,0.00,0.00,,,0.00,21.70,25.00,25.60,28.20,,,,,7.19,7.11,5.90
2024-09-27,,,,0.30,7.41,1.28,155.00,,98.60,0.00,0.00,,,2.44,21.70,23.10,23.50,27.00,,,,,7.17,6.95,5.96
2024-09-28,,,,1.70,0.13,1.50,150.10,,103.80,0.00,0.00,,,0.06,21.70,22.60,22.90,23.20,,,,,6.73,6.45,6.01
2024-09-29,,,,4.30,7.90,1.22,81.30,,70.80,0.00,0.00,,,0.08,21.70,23.20,24.20,5.80,,,,,6.81,6.73,6.49
2024-09-30,,,,5.00,820,1.00,83.40,,64.00,0.00,0.00,,,0.00,21.70,24.50,25.10,26.50,,,,,7.01,6.95,6.37
2024-10-01,0.00,,,3.70,8.50,0.40,73.40,,60.00,0.00,0.00,0.00,0.00,0.00,21.70,24.40,24.70,24.40,0.00,0.00,0.00,,7.01,6.91,6.12
2024-10-02,,,,4.60,7.30,0.90,64.70,,57.50,0.00,0.00,,,0.00,21.70,23.50,24.30,26.30,,,,,6.97,6.89,5.42
2024-10-03,,,,0.30,7.00,1.00,76.80,,60.30,0.00,0.00,,,0.00,26.90,24.20,25.20,26.90,,,,,7.17,6.93,5.83
2024-10-04,,,,1.20,8.30,0.70,74.20,,58.10,0.00,0.00,,,0.00,21.50,24.50,24.90,24.50,,,,,7.12,7.00,5.62
2024-10-05,,,,0.40,7.20,0.80,86.00,,57.40,0.00,0.00,,,0.00,21.90,25.50,25.10,27.90,,,,,7.03,6.93,5.70
2024-10-06,,,21.70,0.60,7.50,0.47,75.10,,56.10,0.00,0.00,,,0.00,,26.30,25.20,27.60,,,,,7.03,6.93,5.90
2024-10-07,,,,2.40,5.50,0.60,88.90,,57.00,0.00,0.00,,,0.00,21.70,25.20,24.90,27.10,,,,,7.01,6.89,5.80
2024-10-08,,,,1.80,5.80,0.70,79.20,,56.50,0.00,0.00,,,0.00,21.50,23.80,23.20,26.80,,,,,7.12,6.97,5.81
2024-10-09,,,,0.50,5.60,0.70,81.20,,56.20,0.00,0.00,,,0.00,21.70,23.80,23.60,26.90,,,,,7.27,6.99,5.60
2024-10-10,,,,1.80,4.00,0.50,80.20,,61.00,0.00,0.00,,,0.00,21.70,24.30,24.60,26.70,,,,,7.26,7.16,6.14
2024-10-11,,,,0.30,4.00,0.15,82.30,,63.60,0.00,0.00,,,0.00,21.70,24.30,24.50,27.10,,,,,7.29,7.25,6.29
2024-10-12,,,,26.70,5.603,0.27,76.10,,62.10,0.00,0.00,,,0.00,21.70,24.50,24.60,26.70,,,,,7.38,7.30,6.43
2024-10-13,,,,1.30,3.20,0.30,76.80,,60.00,0.00,0.00,,,0.00,21.70,24.90,24.60,27.20,,,,,7.37,7.18,6.10
2024-10-14,,,,0.70,5.80,0.40,81.70,,59.10,0.00,0.00,,,0.00,21.70,23.50,24.60,26.90,,,,,7.24,7.18,5.90
2024-10-15,,,,0.30,6.60,0.33,76.50,,58.40,0.00,0.00,,,0.00,21.70,23.30,23.50,24.40,,,,,7.19,7.14,5.80
2024-10-16,,,,2.00,7.40,0.43,77.90,,58.30,0.00,0.00,,,0.00,21.70,22.30,21.90,26.50,,,,,7.24,7.19,6.11
2024-10-17,,,,0.50,7.20,0.38,84.80,,60.00,0.00,0.00,,,0.00,21.70,22.27,22.60,25.80,,,,,7.17,7.16,6.15
2024-10-18,,,,0.40,7.00,0.66,64.40,,59.90,0.00,0.00,,,0.00,21.70,22.40,23.40,25.50,,,,,7.21,7.15,6.20
2024-10-19,,,,1.30,7.10,0.68,80.30,,59.30,0.00,0.00,,,0.00,21.70,22.60,23.65,24.80,,,,,7.19,7.08,6.24
2024-10-20,,,,1.40,5.80,0.90,60.70,,52.80,0.00,0.00,,,0.00,21.70,23.40,23.70,24.50,,,,,7.19,7.07,5.96
2024-10-21,,,,2.40,6.80,1.10,68.10,,57.00,0.00,0.00,,,0.00,21.70,23.65,24.25,25.70,,,,,7.09,6.94,5.76
2024-10-22,,,,0.80,2.00,0.50,68.10,,58.20,0.00,0.00,,,0.00,21.70,24.10,23.60,27.80,,,,,7.31,6.98,5.90
2024-10-23,,,,1.30,4.80,0.38,77.90,,57.30,0.00,0.00,,,0.00,21.70,24.40,24.20,24.38,,,,,7.16,7.03,5.70
2024-10-24,,,,0.20,7.80,0.60,81.50,,63.00,0.00,0.00,,,0.00,21.70,24.90,24.50,26.60,,,,,7.15,7.05,6.00
2024-10-25,,,,0.20,6.10,0.25,60.90,,57.00,0.00,0.00,,,0.00,21.70,25.00,25.90,24.30,,,,,7.20,7.15,5.80
2024-10-26,,,,0.20,7.40,0.90,72.10,,58.00,0.00,0.00,,,0.20,21.70,23.70,24.30,26.80,,,,,7.22,6.85,5.70
2024-10-27,,,0.00,0.20,1.70,0.75,78.90,,56.90,0.00,0.00,,,0.00,,23.92,24.30,25.10,,,,0.00,6.85,6.72,6.03
2024-10-28,,0.00,0.00,0.30,7.20,0.80,78.20,,61.00,0.00,0.13,,,0.00,21.70,24.10,24.20,26.00,,,,0.00,7.15,6.79,6.30
2024-10-29,,0.00,0.00,4.00,5.10,0.30,80.40,,59.20,0.00,0.14,,,0.00,21.70,23.80,23.20,25.60,,,,0.00,7.14,7.03,6.45
2024-10-30,,0.00,0.00,4.00,5.20,0.30,59.30,,53.00,0.00,0.01,,,0.00,21.70,24.40,23.80,25.40,,,,0.00,7.02,6.92,6.10
2024-10-31,,0.00,0.00,4.10,5.70,0.20,87.00,,62.40,0.00,0.08,,,0.56,21.70,23.70,24.50,25.70,,,,0.00,7.02,6.93,6.30
2024-11-01,0.00,,,7.20,5.80,0.23,63.30,,56.80,0.00,0.00,0.00,0.00,0.00,21.70,22.90,22.60,22.90,0.00,0.00,0.00,,7.04,6.88,6.40
2024-11-02,,,,7.60,8.40,1.00,60.60,,53.00,0.00,0.00,,,0.00,21.70,23.55,24.10,24.80,,,,,7.01,6.96,5.98
2024-11-03,,,,8.80,6.80,1.10,58.40,,52.70,0.00,0.00,,,0.00,21.70,24.30,24.40,26.00,,,,,7.0,6.95,5.79
2024-11-04,,,,5.00,5.00,0.70,75.70,,55.60,0.00,0.00,,,0.00,21.70,24.70,24.70,25.80,,,,,6.99,6.88,5.60
2024-11-05,,,,3.50,3.90,0.20,107.10,,63.50,0.00,0.00,,,1.28,21.70,24.10,24.00,25.20,,,,,6.94,6.86,5.55
2024-11-06,,,,5.90,5.65,0.80,139.60,,119.30,0.00,0.00,,,1.52,21.70,23.00,22.70,24.60,,,,,6.58,6.90,5.50
2024-11-07,,,,24.20,5.40,0.60,124.20,,87.00,0.00,0.00,,,0.08,21.70,22.40,22.70,3.60,,,,,6.73,6.38,5.70
2024-11-08,,,,4.70,6.30,0.54,72.00,,64.20,0.00,0.00,,,T,21.70,22.40,22.70,24.10,,,,,6.93,6.80,5.66
2024-11-09,,,,5.10,5.80,0.425,88.70,,63.30,0.00,0.00,,,0.22,21.70,23.20,23.10,24.00,,,,,7.02,6.30,5.73
2024-11-10,,,,8.60,7.70,0.35,75.40,,64.00,0.00,0.00,,,0.03,21.70,24.60,24.00,25.20,,,,,6.94,6.87,5.74
2024-11-11,,,,4.90,4.20,0.25,76.30,,66.60,0.00,0.00,,,0.00,21.70,23.90,23.80,24.80,,,,,7.18,6.94,6.20
2024-11-12,,,,6.00,4.70,0.25,75.60,,65.20,0.00,0.00,,,0.00,21.70,22.70,22.30,23.60,,,,,7.19,7.16,6.30
2024-11-13,,,,6.10,5.50,0.15,153.30,,96.00,0.00,0.00,,,1.38,21.70,22.10,22.30,24.30,,,,,7.20,7.15,5.80
2024-11-14,,,,4.60,3.40,0.35,148.00,,87.30,0.00,0.00,,,0.00,21.70,21.50,21.90,23.20,,,,,6.83,6.69,5.80
2024-11-15,,,,0.30,5.80,0.20,73.90,,58.00,0.00,0.00,,,0.00,21.70,21.70,22.60,27.80,,,,,6.95,6.88,5.70
2024-11-16,,,,0.70,8.50,0.30,83.80,,69.90,0.00,0.49,,,0.00,21.70,22.20,25.20,23.00,,,,,7.09,6.96,5.92
2024-11-17,,,,0.90,7.60,0.60,76.30,,66.30,0.00,0.00,,,0.00,21.70,23.20,23.20,22.30,,,,,7.04,6.91,6.19
2024-11-18,,,,2.50,3.60,0.50,77.30,,66.50,0.00,0.00,,,0.65,21.70,23.30,23.40,23.40,,,,,7.25,6.87,6.20
2024-11-19,,,,5.90,5.70,0.20,99.40,,89.00,0.00,0.00,,,0.25,21.70,23.30,22.40,23.00,,,,,7.28,6.92,5.70
2024-11-20,,,,1.10,6.50,0.40,86.30,,76.90,0.00,0.00,,,0.00,21.70,22.00,21.80,22.00,,,,,6.94,6.82,5.77
2024-11-21,,,21.70,1.30,6.30,0.60,71.40,,67.30,0.00,0.00,,,0.00,,20.90,20.70,21.60,,,,,6.90,6.80,5.74
2024-11-22,,,,3.80,7.80,0.40,78.10,,68.50,0.00,0.00,,,0.00,21.70,20.90,20.70,21.00,,,,,7.18,7.01,6.00
2024-11-23,,,,7.70,8.51,0.20,76.60,,65.90,0.00,0.00,,,0.00,21.70,21.30,21.30,21.00,,,,,7.12,7.08,5.88
2024-11-24,,,,0.90,1.60,0.40,71.70,,63.10,0.00,0.00,,,0.00,21.70,21.80,22.50,22.00,,,,,7.25,7.09,5.80
2024-11-25,,,,2.70,1.00,0.18,76.50,,70.70,0.00,0.00,,,T,21.70,22.30,22.80,24.70,,,,,7.23,7.02,6.20
2024-11-26,,,,1.70,4.40,0.20,74.80,,67.00,0.00,0.00,,,0.00,21.70,21.00,21.60,22.00,,,,,7.02,6.98,6.00
2024-11-27,,,,1.20,0.20,0.30,78.30,,69.70,0.00,0.00,,,0.05,21.70,21.90,21.30,24.40,,,,,7.10,6.90,6.20
2024-11-28,,,,2.80,1.30,0.35,78.50,,69.60,0.00,0.00,,,0.00,21.70,20.70,20.55,24.00,,,,,7.30,6.26,6.30
2024-11-29,,,,2.80,6.80,0.45,72.90,,61.20,0.00,0.00,,,0.00,21.70,19.70,20.35,23.70,,,,,6.97,6.80,6.24
2024-11-30,,,,4.00,8.70,0.98,72.30,,61.70,0.00,0.00,,,0.00,21.70,19.60,20.50,22.80,,,,,7.05,6.95,5.90
2024-12-01,0.00,,,3.60,8.28,0.44,70.10,,61.60,0.00,0.00,0.00,0.00,0.00,21.70,19.80,20.30,23.40,0.00,0.00,0.00,,7.03,6.93,5.79
2024-12-02,,,,3.90,7.87,0.52,73.00,,65.60,0.00,0.00,,,0.00,21.70,20.00,20.50,22.70,,,,,7.07,6.94,6.00
2024-12-03,,,,1.60,7.94,1.10,73.40,,68.90,0.00,0.00,,,0.00,21.70,18.60,19.10,22.20,,,,,7.05,6.95,6.05
2024-12-04,,,,2.00,8.18,1.00,70.40,,.65.50,0.00,0.00,,,0.00,21.70,18.50,18.20,22.80,,,,,7.07,6.94,4.98
2024-12-05,,,,3.80,8.27,1.13,69.40,,64.90,0.00,0.00,,,0.00,21.70,18.40,18.90,23.20,,,,,7.01,6.87,5.52
2024-12-06,,,,4.00,8.06,1.13,70.90,,67.20,0.00,0.00,,,0.00,21.70,17.80,14.70,23.00,,,,,6.96,6.86,5.67
2024-12-07,,,,3.10,8.75,1.10,66.90,,60.80,0.00,0.00,,,0.00,21.70,19.70,20.10,20.40,,,,,6.94,6.87,5.50
2024-12-08,,,,3.00,12.70,1.17,80.80,,58.50,0.00,0.00,,,1.63,21.70,20.20,19.75,21.60,,,,,7.07,6.95,5.32
2024-12-09,,,,5.70,7.50,3.10,94.10,,88.70,0.00,0.00,,,0.01,21.70,20.58,18.10,21.50,,,,,6.95,6.53,5.69
2024-12-10,,,,6.20,7.10,1.00,86.20,,82.50,0.00,0.00,,,0.02,21.70,19.60,17.98,21.60,,,,,6.68,6.56,5.61
2024-12-11,,,,6.30,8.50,0.83,77.40,,64.40,0.00,0.00,,,T,21.70,18.83,18.48,22.20,,,,,6.87,6.81,5.83
2024-12-12,,,,5.42,8.50,1.30,65.30,,60.40,0.00,0.00,,,0.00,21.70,19.20,19.75,16.00,,,,,6.93,6.84,5.69
2024-12-13,,,,2.10,8.60,1.30,63.70,,59.90,0.00,0.00,,,0.00,21.70,19.90,19.40,23.00,,,,,6.87,6.81,5.70
2024-12-14,,,,4.30,9.60,0.85,98.70,,65.70,0.00,0.00,,,0.49,21.70,20.10,19.40,23.00,,,,,7.01,6.88,5.80
2024-12-15,,,,4.50,6.20,0.95,98.70,,75.80,0.00,0.00,,,0.31,21.70,20.80,20.70,22.20,,,,,7.10,6.93,5.80
2024-12-16,,,,4.30,6.70,1.00,108.70,,78.70,0.00,0.00,,,0.27,21.70,21.30,21.05,22.40,,,,,6.89,6.82,5.30
2024-12-17,,,,3.60,5.80,1.00,100.90,,81.70,0.00,0.00,,,T,21.70,21.10,20.70,22.50,,,,,6.82,6.72,5.40
2024-12-18,,,,2.30,5.80,1.00,147.50,,99.50,0.00,0.00,,,0.85,21.70,19.60,20.10,22.00,,,,,6.92,6.38,5.30
2024-12-19,,,,4.20,9.30,1.40,98.60,,74.10,0.00,0.00,,,0.00,21.70,18.20,19.00,22.50,,,,,6.72,6.55,5.50
2024-12-20,,,,4.90,9.30,2.20,113.80,,67.60,0.00,0.00,,,0.00,21.70,18.10,19.00,20.10,,,,,6.94,6.74,5.40
2024-12-21,,,,4.90,8.20,0.80,79.90,,65.00,0.00,0.00,,,0.00,21.70,16.50,18.70,21.90,,,,,7.03,6.83,5.76
2024-12-22,,,,5.10,9.30,2.00,78.40,,64.90,0.00,0.00,,,0.00,21.70,18.10,19.10,22.50,,,,,6.92,6.89,5.40
2024-12-23,,,,5.00,8.90,1.20,74.70,,65.20,0.00,0.00,,,0.00,21.70,18.10,18.70,16.70,,,,,7.18,6.88,6.12
2024-12-24,,,,4.60,8.20,1.40,71.50,,63.30,0.00,0.00,,,T,21.70,19.40,20.20,23.00,,,,,7.09,7.02,5.73
2024-12-25,,,,3.00,8.20,1.50,71.50,,61.10,0.00,0.00,,,T,21.90,20.10,19.40,22.50,,,,,7.15,6.91,5.68
2024-12-26,,,,5.40,9.10,0.80,73.40,,62.20,0.00,0.00,,,0.61,21.70,20.00,19.90,22.60,,,,,7.16,6.89,6.14
2024-12-27,,,,3.30,1.50,1.21,149.10,,114.70,0.00,0.00,,,0.18,21.70,19.00,18.40,20.50,,,,,7.15,6.65,5.98
2024-12-28,,,,4.30,7.70,0.78,154.20,,88.20,0.00,0.00,,,4.44,21.70,19.70,20.20,21.70,,,,,6.91,6.78,5.87
2024-12-29,,,,5.30,7.10,2.25,140.20,,133.80,0.00,0.00,,,0.45,21.70,18.97,17.30,22.30,,,,,6.70,6.39,6.11
2024-12-30,,,,5.50,6.50,1.30,130.90,,107.30,0.00,0.00,,,0.00,21.70,19.30,18.50,19.60,,,,,7.28,6.47,6.08
2024-12-31,,,,6.40,7.80,1.20,97.50,,82.10,0.00,0.00,,,0.00,21.70,18.50,18.80,19.20,,,,,6.88,6.64,5.84
2025-01-01,0.00,,,6.60,8.90,2.10,83.70,,71.60,0.00,0.00,0.00,0.00,0.00,21.70,16.90,17.60,21.30,0.00,0.00,0.00,,6.89,6.76,5.89
2025-01-02,,,,5.30,8.20,1.20,81.70,,70.70,0.00,0.00,,,0.00,21.70,17.10,17.50,20.10,,,,,7.07,6.93,5.50
2025-01-03,,,,3.00,7.90,1.20,74.80,,67.20,0.00,0.00,,,0.00,21.70,16.90,17.60,21.50,,,,,7.00,6.89,5.60
2025-01-04,,,,7.30,8.90,1.60,75.80,,66.70,0.00,0.00,,,0.00,21.70,17.20,18.60,21.60,,,,,6.97,6.70,5.60
2025-01-05,,,,2.70,9.00,2.40,121.00,,77.50,0.00,0.00,,,0.00,21.70,18.30,19.00,21.80,,,,,7.03,7.01,5.88
2025-01-06,,,,5.30,8.40,1.24,118.20,,94.20,0.00,0.00,,,0.02,21.70,15.90,13.90,14.90,,,,,7.05,6.82,6.10
2025-01-07,,,,5.10,8.70,1.30,81.20,,76.10,0.00,0.00,,,T,21.70,15.50,15.90,20.00,,,,,7.03,6.84,6.40
2025-01-08,,,,6.60,9.00,1.10,79.20,,73.00,0.00,0.00,,,0.00,21.70,13.80,16.20,20.50,,,,,7.07,6.76,5.90
2025-01-09,,,,5.70,9.60,1.80,76.30,,73.70,0.00,0.00,,,0.02,21.70,15.20,16.50,20.60,,,,,6.85,6.74,5.80
2025-01-10,,,,8.00,8.20,1.30,97.10,,79.10,0.00,0.00,,,0.75,21.70,16.90,17.20,21.80,,,,,6.97,6.84,5.90
2025-01-11,,,,8.00,8.00,2.70,108.50,,87.70,0.00,0.00,,,0.00,21.70,16.00,13.30,18.00,,,,,6.92,6.81,6.20
2025-01-12,,,,7.30,5.40,2.70,104.70,,81.10,0.00,0.00,,,0.00,21.70,15.60,12.80,19.60,,,,,6.83,6.61,6.00
2025-01-13,,,,3.80,9.00,2.00,94.90,,81.50,0.00,0.00,,,0.00,21.70,17.10,16.90,19.70,,,,,6.76,6.65,6.10
2025-01-14,,,,3.60,9.30,1.10,78.60,,72.40,0.00,0.00,,,0.00,21.70,17.58,16.80,20.403,,,,,7.00,6.84,5.74
2025-01-15,,,,3.90,7.50,1.30,75.70,,70.40,0.00,0.00,,,0.00,21.70,16.10,16.80,21.50,,,,,6.98,6.76,5.60
2025-01-16,,,,3.50,8.00,1.10,70.00,,67.10,0.00,0.00,,,0.00,21.70,17.00,16.80,17.50,,,,,6.90,6.75,5.86
2025-01-17,,,,2.90,7.20,1.70,72.40,,68.00,0.00,0.00,,,0.08,21.70,17.30,18.70,18.20,,,,,6.83,6.73,5.71
2025-01-18,,,,0.70,4.60,1.53,90.90,,67.20,0.00,0.00,,,T,21.70,17.97,17.30,21.00,,,,,6.91,6.69,5.58
2025-01-19,,,,4.80,2.40,2.60,81.60,,65.90,0.00,0.00,,,T,21.70,13.60,13.80,19.80,,,,,7.07,6.73,5.60
2025-01-20,,,,7.30,9.20,3.40,86.00,,71.30,0.00,0.00,,,0.00,21.70,14.10,10.20,15.30,,,,,6.91,6.87,5.80
2025-01-21,,,,8.90,8.60,1.10,85.70,,76.10,0.00,0.00,,,T,21.70,15.40,15.20,19.30,,,,,6.66,6.62,5.86
2025-01-22,,,,1.50,8.40,1.10,84.90,,78.30,0.00,0.00,,,0.00,21.70,15.40,16.10,19.30,,,,,6.98,6.76,6.17
2025-01-23,,,,7.20,8.40,1.30,81.60,,74.00,0.00,0.00,,,0.00,21.70,15.70,16.40,19.50,,,,,6.87,6.59,5.76
2025-01-24,,,,4.20,8.10,1.40,74.00,,69.00,0.00,0.00,,,0.00,21.70,16.40,17.40,20.20,,,,,6.95,6.76,5.53
2025-01-25,,,,5.10,8.30,1.40,77.90,,68.10,0.00,0.00,,,0.00,21.70,14.80,17.80,20.50,,,,,6.87,6.83,5.73
2025-01-26,,,,4.80,8.70,2.50,77.70,,64.60,0.00,0.00,,,0.00,21.70,17.40,13.10,20.30,,,,,6.86,6.65,5.54
2025-01-27,,,,4.70,8.50,1.40,73.10,,66.30,0.00,0.00,,,T,21.70,17.30,17.40,20.60,,,,,6.91,6.62,5.82
2025-01-28,,,,3.00,7.20,0.70,74.90,,67.30,0.00,0.00,,,0.00,21.70,18.40,19.30,20.80,,,,,6.87,6.66,5.59
2025-01-29,,,,2.10,7.30,0.60,78.50,,70.90,0.00,0.00,,,T,21.70,18.70,19.00,20.50,,,,,7.18,6.82,6.02
2025-01-30,,,,4.60,6.50,0.30,105.70,,79.60,0.00,0.00,,,0.85,21.70,19.20,19.10,19.50,,,,,7.15,6.93,6.30
2025-01-31,,,,1.60,4.30,0.50,112.20,,87.10,0.00,0.00,,,0.00,21.70,19.80,19.70,20.20,,,,,6.97,6.73,5.84
2025-02-01,0.00,,,1.60,10.40,0.70,76.00,,68.40,0.00,0.00,0.00,0.00,0.00,21.70,18.60,19.10,20.90,0.00,0.00,0.00,,6.91,6.78,5.78
2025-02-02,,,,3.80,10.10,1.20,75.40,,66.00,0.00,0.00,,,0.00,21.70,18.20,19.20,20.20,,,,,6.94,6.49,5.50
2025-02-03,,,,1.90,7.60,1.00,73.10,,65.90,0.00,0.00,,,0.00,21.70,19.90,19.90,21.00,,,,,6.81,6.68,5.98
2025-02-04,,,,3.90,8.30,0.50,74.10,,64.90,0.00,0.00,,,T,21.70,19.70,20.10,20.10,,,,,6.86,6.69,5.66
2025-02-05,,,,3.90,8.30,1.30,84.00,,66.70,0.00,0.00,,,0.02,21.70,18.60,18.60,21.50,,,,,6.85,6.75,5.31
2025-02-06,,,,23.00,6.10,0.20,75.90,,68.30,0.00,0.00,,,0.00,21.70,21.50,21.30,0.90,,,,,6.98,6.92,5.74
2025-02-07,,,,3.60,7.90,1.00,74.10,,66.30,0.00,0.00,,,T,21.70,19.70,19.80,24.10,,,,,7.12,7.04,6.00
2025-02-08,,,,4.50,9.70,0.70,79.80,,63.70,0.00,0.00,,,0.00,21.70,20.60,20.60,22.40,,,,,7.07,6.96,5.60
2025-02-09,,,,7.00,9.50,1.00,73.00,,63.30,0.00,0.00,,,0.02,21.70,18.10,19.60,21.50,,,,,7.15,6.96,5.70
2025-02-10,,,,3.40,8.90,0.90,73.30,,64.00,0.00,0.00,,,0.03,21.70,17.90,17.60,22.00,,,,,7.14,6.78,5.47
2025-02-11,,,,3.40,0.30,1.10,147.60,,106.70,0.00,0.00,,,1.25,21.70,17.80,18.00,20.00,,,,,7.07,6.78,5.95
2025-02-12,,,,5.90,6.50,1.10,154.60,,113.30,0.00,0.00,,,0.63,21.70,16.40,16.40,16.90,,,,,6.91,6.61,5.98
2025-02-13,,,,3.60,6.70,1.50,155.10,,102.90,0.00,0.00,,,0.00,21.70,16.30,17.10,17.70,,,,,6.75,6.68,6.13
2025-02-14,,,,2.20,8.30,1.10,84.40,,78.40,0.00,0.00,,,T,21.70,16.10,17.80,18.30,,,,,6.90,6.67,5.72
2025-02-15,,,,7.20,7.90,1.30,141.20,,102.70,0.00,0.00,,,2.12,21.70,18.10,17.80,17.90,,,,,7.04,6.84,5.97
2025-02-16,,,,4.10,6.90,1.70,161.10,,140.00,0.00,0.00,,,0.02,21.70,15.10,13.30,16.60,,,,,6.90,6.30,6.25
2025-02-17,,,,2.00,7.60,1.20,110.30,,91.10,0.00,0.00,,,0.00,21.70,14.20,15.60,17.40,,,,,6.84,6.49,6.00
2025-02-18,,,,1.90,8.20,0.80,123.70,,123.70,0.00,0.00,,,86.60,21.70,14.60,12.20,17.80,,,,,6.91,6.74,5.99
2025-02-19,,,,5.30,8.90,1.30,104.80,,89.90,0.00,0.00,,,0.05,21.70,11.10,15.20,12.30,,,,,7.05,6.81,6.08
2025-02-20,,,,9.11,9.50,2.05,90.50,,81.70,0.00,0.00,,,0.00,21.70,11.55,15.03,17.70,,,,,7.00,6.81,6.09
2025-02-21,,,,6.40,10.30,2.60,91.60,,82.90,0.00,0.00,,,0.00,21.70,13.15,16.10,17.70,,,,,7.06,6.81,5.73
2025-02-22,,,,6.30,9.40,1.90,94.10,,80.00,0.00,0.00,,,0.00,21.70,15.50,15.70,14.30,,,,,6.81,6.67,5.64
2025-02-23,,,,7.30,9.70,1.70,84.40,,76.50,0.00,0.00,,,0.00,21.70,17.10,16.30,19.20,,,,,6.81,6.75,5.90
2025-02-24,,,,1.40,9.20,1.30,84.30,,72.60,0.00,0.00,,,0.00,21.70,17.40,18.10,18.50,,,,,6.95,6.87,5.63
2025-02-25,,,,1.50,9.30,0.70,80.30,,70.80,0.00,0.00,,,0.00,21.70,18.80,19.90,18.10,,,,,7.03,6.93,5.76
2025-02-26,,,,2.00,9.70,1.20,77.00,,70.80,0.00,0.00,,,0.00,21.70,18.90,20.20,18.90,,,,,7.06,6.70,5.45
2025-02-27,,,,6.10,10.00,0.70,79.20,,70.00,0.00,0.00,,,0.00,21.70,20.00,20.30,19.70,,,,,7.06,6.93,5.40
2025-02-28,,,,6.80,9.10,1.10,77.00,,68.00,0.00,0.00,,,0.00,21.70,19.60,19.90,19.20,,,,,6.94,6.82,5.63
2025-03-01,0,,,7.70,10.60,1.40,81.30,,65.80,0.00,0.00,0,0,0.00,21.70,19.10,19.20,18.60,0,0,0,,7.01,6.89,6.20
2025-03-02,,,,2.20,9.25,1.25,76.90,,69.00,0.00,0.00,,,0.00,21.70,17.70,17.10,22.00,,,,,7.13,6.91,5.52
2025-03-03,,,,6.80,9.40,0.90,87.30,,60.40,0.00,0.00,,,0.00,21.70,19.00,19.20,18.60,,,,,7.04,6.87,5.69
2025-03-04,,,,7.20,10.35,0.90,77.20,,62.90,0.00,0.00,,,0.64,21.70,19.60,19.70,19.20,,,,,7.03,6.89,5.62
2025-03-05,,,,1.40,8.60,1.30,65.30,,56.80,0.00,0.00,,,0.00,21.70,18.00,17.90,22.50,,,,,7.05,6.71,5.73
2025-03-06,,,,1.80,8.70,0.80,60.00,,55.00,0.00,0.00,,,0.00,21.70,17.70,18.50,22.50,,,,,7.02,6.89,5.72
2025-03-07,,,,6.20,9.60,1.30,60.20,,52.60,0.00,0.00,,,0.00,21.70,18.40,19.50,21.00,,,,,7.12,6.92,5.72
2025-03-08,,,,3.70,10.40,0.82,94.10,,76.30,0.00,0.00,,,0.06,21.70,18.50,18.90,21.80,,,,,7.10,6.84,5.55
2025-03-09,,,,3.30,9.70,1.40,56.10,,52.10,0.00,0.00,,,0.03,21.70,19.00,19.20,18.90,,,,,7.06,6.81,5.53
2025-03-10,,,,4.60,9.70,0.40,56.80,,51.50,0.00,0.00,,,0.00,21.70,20.40,20.80,21.10,,,,,7.12,6.78,5.45
2025-03-11,,,,3.00,8.60,0.70,60.20,,52.80,0.00,0.00,,,0.00,21.70,20.70,20.90,21.20,,,,,7.09,6.67,5.70
2025-03-12,,,,4.80,8.20,0.40,58.40,,51.50,0.00,0.00,,,0.00,21.70,20.70,21.30,21.40,,,,,7.12,6.98,5.75
2025-03-13,,,,3.30,9.30,0.40,59.80,,54.60,0.00,0.00,,,0.12,21.70,21.80,22.00,22.30,,,,,7.12,6.82,5.46
2025-03-14,,0.00,0.00,2.90,9.40,0.20,60.40,,53.70,0.00,0.80,,,T,20.20,22.87,22.65,22.70,,,,0.00,6.92,6.85,5.38
2025-03-15,,0.00,0.00,1.90,10.00,2.90,126.10,,76.40,0.00,1.13,,,1.39,20.20,21.10,20.70,20.90,,,,0.000,6.98,6.80,5.42
2025-03-16,,0.00,0.00,8.40,7.70,1.40,97.80,,70.50,0.00,0.00,,,0.04,20.20,18.70,18.02,18.70,,,,0.00,6.91,6.73,5.99
2025-03-17,,,,2.00,9.50,0.30,72.40,,57.15,0.00,0.00,,,0.00,20.20,18.80,19.20,18.70,,,,,7.05,6.78,5.94
2025-03-18,,,,2.00,9.00,0.40,76.20,,66.00,0.00,0.10,,,0.00,20.20,19.60,20.20,20.90,,,,,7.34,7.11,5.84
2025-03-19,,,,1.70,6.20,0.70,75.40,,64.80,0.00,0.00,,,0.00,20.20,20.35,20.90,21.40,,,,,7.40,7.07,5.65
2025-03-20,,,,3.70,9.10,0.60,63.30,,50.55,0.00,0.00,,,T,20.20,18.10,19.00,20.50,,,,,7.34,7.05,5.76
2025-03-21,,,,6.50,8.50,0.90,59.30,,50.75,0.00,0.78,,,0.00,20.20,18.80,19.50,20.90,,,,,7.29,6.93,5.74
2025-03-22,,,,2.60,10.00,0.70,59.30,,50.90,0.00,0.00,,,0.00,20.20,20.20,20.20,22.50,,,,,7.09,6.95,5.40
2025-03-23,,,,4.80,10.60,1.40,67.00,,56.90,0.00,0.00,,,T,20.20,20.60,20.10,21.70,,,,,7.12,7.01,5.60
2025-03-24,,,,2.30,8.20,1.50,67.80,,56.60,0.00,0.00,,,0.00,20.20,20.90,21.50,22.40,,,,,7.27,7.10,5.70
2025-03-25,,,,1.60,8.80,0.30,60.40,,52.00,0.00,0.12,,,0.00,20.20,20.80,21.30,23.00,,,,,7.38,6.88,5.41
2025-03-26,,,,2.40,8.40,0.70,60.90,,51.75,0.00,0.08,,,0.00,20.20,20.80,21.30,23.00,,,,,7.30,6.96,5.34
2025-03-27,,,,1.00,7.30,0.65,65.40,,51.45,0.00,0.00,,,0.00,23.50,21.90,21.90,21.90,,,,,7.22,7.05,5.40
2025-03-28,,,,0.80,1.10,0.40,74.10,,57.45,0.00,0.17,,,0.00,23.10,22.80,23.20,23.00,,,,,7.33,7.21,5.20
2025-03-29,,,,0.70,5.10,0.55,69.30,,56.35,0.00,0.28,,,0.32,20.50,21.87,21.75,21.80,,,,,7.34,7.04,5.57
2025-03-30,,,,0.90,2.20,0.80,85.20,,61.60,0.00,0.13,,,0.21,20.50,20.10,20.60,22.70,,,,,7.23,6.96,5.80
2025-03-31,,,,0.70,5.00,0.77,63.70,,52.30,0.00,0.62,,,0.10,20.50,21.60,20.67,22.70,,,,,7.13,7.03,5.75
2025-04-01,0.00,,,0.90,6.60,0.30,86.00,,57.30,0.00,0.00,0.00,0.00,0.00,20.70,19.70,20.80,23.00,0.00,0.00,0.00,,7.26,7.19,5.53
2025-04-02,,,,0.60,5.60,0.18,63.80,,58.00,0.00,0.00,,,2.58,21.70,22.50,22.70,23.00,,,,,7.40,7.10,5.63
2025-04-03,,,,1.34,2.95,1.00,126.80,,118.90,0.00,0.00,,,4.32,21.70,20.10,19.00,19.20,,,,,7.25,6.97,6.57
2025-04-04,,,,4.40,6.50,0.50,135.20,,117.60,0.00,0.00,,,T,21.70,19.70,20.20,19.00,,,,,6.96,6.82,6.50
2025-04-05,,,,4.80,6.90,0.30,136.60,,106.00,0.00,0.00,,,5.47,21.70,20.00,19.80,19.40,,,,,7.10,7.01,6.38
2025-04-06,,,,4.20,6.10,0.70,124.80,,117.60,0.00,0.00,,,0.06,21.70,17.60,16.70,18.30,,,,,6.93,6.81,6.50
2025-04-07,,,,1.20,4.30,0.20,116.40,,104.90,0.00,0.00,,,0.00,21.70,16.50,17.60,18.60,,,,,6.93,6.83,6.29
2025-04-08,,,,2.30,4.80,0.20,94.70,,85.10,0.00,0.00,,,0.00,21.70,18.60,18.00,19.80,,,,,7.21,7.02,6.14
2025-04-09,,,,0.90,6.40,0.50,85.30,,77.80,0.00,0.00,,,0.00,21.70,19.30,20.10,20.10,,,,,7.24,7.17,6.33
2025-04-10,,,,0.50,8.80,0.60,78.70,,74.50,0.00,0.00,,,T,21.70,21.00,22.00,21.00,,,,,7.24,7.18,5.86
2025-04-11,,,,0.90,9.50,0.45,75.60,,72.00,0.00,0.00,,,T,21.70,20.20,20.90,21.30,,,,,7.36,7.26,6.01
2025-04-12,,,,2.10,7.20,0.60,77.50,,69.20,0.00,0.00,,,0.00,21.70,19.85,20.50,21.50,,,,,7.41,7.30,5.86
2025-04-13,,,,4.80,7.60,0.30,85.80,,68.50,0.00,0.00,,,0.00,21.70,21.10,20.50,21.60,,,,,7.41,7.34,6.10
2025-04-14,,,,1.50,7.20,0.20,98.30,,73.30,0.00,0.00,,,0.00,21.70,22.30,22.40,22.60,,,,,7.36,7.26,6.09
2025-04-15,,,,1.20,4.40,0.20,117.00,,69.40,0.00,0.00,,,0.00,21.70,21.40,21.50,19.80,,,,,7.40,7.22,6.38
2025-04-16,,,,0.90,4.00,0.20,74.00,,65.70,0.00,0.00,,,0.00,21.70,21.30,22.10,19.80,,,,,7.39,7.22,6.06
2025-04-17,,,,2.40,7.00,0.20,68.70,,66.00,0.00,0.00,,,0.00,21.70,22.30,22.40,20.10,,,,,7.21,7.10,5.89
2025-04-18,,,,0.80,6.40,0.30,78.00,,66.40,0.00,0.00,,,0.00,21.70,22.80,22.70,23.60,,,,,7.26,7.14,6.03
2025-04-19,,,,1.50,6.20,0.25,74.00,,64.00,0.00,0.00,,,0.00,21.70,23.50,23.60,23.60,,,,,7.26,7.13,5.69
2025-04-20,,,,1.40,6.20,0.20,91.10,,63.60,0.00,0.00,,,0.17,21.70,23.30,22.70,24.30,,,,,7.26,7.23,5.70
2025-04-21,,,,1.40,4.90,0.20,81.80,,69.50,0.00,0.00,,,0.43,21.70,23.20,22.40,24.30,,,,,7.25,7.03,6.06
2025-04-22,,,,2.50,5.00,0.20,73.00,,65.40,0.00,0.00,,,0.00,21.70,23.50,23.80,21.60,,,,,7.24,7.18,5.87
2025-04-23,,,,1.50,5.70,0.20,72.40,,65.10,0.00,0.00,,,T,21.70,23.10,22.80,21.60,,,,,7.30,7.20,5.68
2025-04-24,,,,1.00,7.70,0.30,64.80,,63.90,0.00,0.00,,,T,21.90,23.60,23.40,24.40,,,,,7.20,7.13,5.79
2025-04-25,,,,1.20,5.80,0.30,69.70,,60.10,0.00,0.00,,,T,21.70,23.50,23.00,24.81,,,,,7.11,7.01,5.49
2025-04-26,,,,3.10,6.60,0.20,84.40,,63.70,0.00,0.00,,,0.00,21.70,24.20,23.50,25.20,,,,,7.14,6.98,5.60
2025-04-27,,,,2.30,5.80,0.30,78.40,,67.80,0.00,0.00,,,1.30,21.70,22.30,21.80,24.40,,,,,7.11,7.04,5.40
2025-04-28,,,,0.70,6.30,0.20,77.10,,67.00,0.00,0.00,,,0.00,21.70,23.90,22.90,24.40,,,,,7.10,6.97,6.14
2025-04-29,,,,0.70,6.00,0.30,66.70,,61.40,0.00,0.00,,,0.04,21.70,24.20,24.00,24.60,,,,,7.16,7.01,6.20
2025-04-30,,,,6.00,6.00,0.20,67.50,,63.10,0.00,0.00,,,0.34,21.70,24.40,23.70,24.10,,,,,7.25,7.05,6.26
2025-05-01,0.00,,,5.90,6.60,0.17,77.20,,67.00,0.00,0.00,0.00,0.00,0.00,21.70,23.00,22.30,23.70,0.00,0.00,0.00,,7.07,7.01,5.90
2025-05-02,,,,1.60,7.60,0.30,93.40,,69.80,0.00,0.00,,,0.38,21.70,22.80,22.40,21.60,,,,,7.05,7.02,5.57
2025-05-03,,,,4.90,7.10,0.20,95.20,,78.30,0.00,0.00,,,0.69,21.70,23.20,22.50,23.70,,,,,6.95,6.16,5.81
2025-05-04,,,,7.30,6.80,0.20,83.60,,61.90,0.00,0.00,,,0.00,21.70,21.10,21.30,22.20,,,,,6.91,6.85,5.50
2025-05-05,,,,3.59,6.50,0.20,74.70,,68.30,0.00,0.00,,,0.00,21.70,22.50,22.60,23.40,,,,,7.03,6.96,5.40
2025-05-06,,,,4.70,5.60,0.20,65.70,,61.50,0.00,0.00,,,0.13,21.70,23.30,23.10,24.30,,,,,6.99,6.96,5.44
2025-05-07,,,,4.80,6.20,0.20,79.10,,62.50,0.00,0.00,,,0.01,21.70,17.70,22.70,23.40,,,,,7.00,6.92,5.49
2025-05-08,,,,6.50,6.80,0.20,69.30,,62.10,0.00,0.00,,,0.02,21.70,24.30,24.10,23.60,,,,,7.06,6.97,5.35
2025-05-09,,,,6.80,7.00,0.20,67.30,,63.40,0.00,0.00,,,0.00,21.70,22.50,22.40,24.90,,,,,7.54,7.00,5.88
2025-05-10,,,,7.10,7.00,0.20,67.10,,61.30,0.00,0.00,,,0.01,21.70,22.70,22.40,24.50,,,,,7.52,7.45,5.80
2025-05-11,,,,7.30,8.30,0.30,70.30,,64.20,0.00,0.00,,,0.80,21.70,22.50,21.80,23.70,,,,,7.52,7.50,6.10
2025-05-12,,,,4.60,5.60,0.25,93.30,,86.90,0.00,0.00,,,0.59,21.70,23.30,21.80,24.30,,,,,7.55,7.28,6.04
2025-05-13,,,,5.80,5.90,0.20,93.70,,88.50,0.00,0.00,,,0.31,21.70,23.40,23.00,24.10,,,,,7.24,7.15,5.99
2025-05-14,,,,6.10,7.80,0.10,79.30,,58.70,0.00,0.00,,,0.00,21.70,23.80,23.50,24.70,,,,,7.47,7.28,6.19
2025-05-15,,,,6.00,6.50,0.20,79.30,,58.40,0.00,0.00,,,0.00,21.70,24.30,23.90,25.10,,,,,7.53,7.46,6.03
2025-05-16,,,,6.90,4.90,0.10,66.60,,62.00,0.00,0.00,,,T,21.70,25.40,25.30,24.60,,,,,7.51,7.36,5.91
2025-05-17,,,,6.20,6.60,0.15,68.30,,58.60,0.00,0.00,,,0.00,21.70,25.40,24.90,26.10,,,,,7.45,7.28,5.84
2025-05-18,,,,5.80,6.80,0.20,96.80,,61.30,0.00,0.00,,,1.78,21.70,24.60,23.10,25.50,,,,,7.44,7.29,5.70
2025-05-19,,,,5.70,4.70,0.23,108.60,,99.40,0.00,0.00,,,0.02,20.00,23.90,23.20,25.50,,,,,7.32,7.04,6.22
2025-05-20,,,,4.36,4.80,0.20,100.90,,95.40,0.00,0.00,,,1.07,20.90,24.00,24.00,25.30,,,,,7.14,6.34,6.15
2025-05-21,,,,7.10,6.40,0.20,97.90,,85.00,0.00,0.00,,,0.00,20.90,23.40,23.80,24.30,,,,,7.26,7.07,6.10
2025-05-22,,,,6.90,8.20,0.20,85.50,,68.60,0.00,0.00,,,T,20.40,24.40,24.30,25.00,,,,,7.37,7.27,5.93
2025-05-23,,,,6.90,7.60,0.20,74.40,,64.80,0.00,0.00,,,0.00,20.40,23.50,23.40,25.10,,,,,7.40,7.35,5.96
2025-05-24,,,,8.00,6.80,0.30,107.80,,94.70,0.00,0.00,,,2.08,20.40,22.80,21.80,24.10,,,,,7.46,7.25,6.65
2025-05-25,,,,8.50,6.90,0.35,105.50,,95.80,0.00,0.00,,,0.52,20.40,21.00,21.30,22.70,,,,,7.14,7.06,6.70
2025-05-26,,,,8.70,6.60,0.20,102.50,,96.20,0.00,0.00,,,0.55,20.40,21.10,20.80,22.70,,,,,7.20,7.08,6.82
2025-05-27,,,,8.50,7.60,0.20,102.60,,96.80,0.00,0.00,,,0.00,20.80,21.70,21.70,22.50,,,,,7.14,6.97,6.77
2025-05-28,,,,7.70,7.40,0.20,92.10,,74.30,0.00,0.00,,,0.00,20.80,22.90,23.60,24.20,,,,,7.14,7.04,5.96
2025-05-29,,,,7.90,8.40,0.20,80.80,,78.30,0.00,0.00,,,0.00,20.80,24.00,23.90,24.50,,,,,7.26,7.07,5.71
2025-05-30,,,,5.48,7.30,0.20,81.50,,73.40,0.00,0.00,,,0.00,20.80,24.30,24.40,25.20,,,,,7.10,7.04,5.88
2025-05-31,,,,7.10,8.60,0.20,72.60,,65.30,0.00,0.00,,,0.00,20.90,24.25,23.60,25.70,,,,,7.10,7.04,5.48
